705380775
623817645
165030474
281885789
169728377
212734279
865459173
707995177
930740236
310664756
820865938
598945328
910703751
146212779
298548799
807613808
818858784
159737186
139436491
731912333
685073430
445194010
142929165
619456662
416560642
123335011
238509963
451077536
253061254
163073924
735265796
243172363
568422957
619555258
897892239
739189957
224224767
908075442
615229082
482134685
269082898
442236948
362161290
822284981
233420766
187820824
574716307
800642694
358012019
877662245
123025367
746051489
864686258
152614148
338673303
187071256
136214391
715470575
281384860
193893076
114497103
694572307
234968243
977080823
766481257
670284909
148620713
594250292
369182190
253901476
805304038
244726358
702415194
537704188
349465578
260458003
471747168
795802500
860052845
683005759
168085273
530384607
530470743
171410849
655141320
568863868
673956490
990894802
723713193
435722937
401646688
901752009
820889819
901942555
495301761
569006163
749407340
927740729
345776361
705198374
352315464
535650278
753529616
705103801
508623019
930307926
282578606
102556547
617705056
667403913
619502426
414281663
488543633
870147380
945297693
865778980
272588938
260893753
881421363
375128874
824888176
717596254
188968970
321511758
928119118
125639609
784727112
949341572
124059012
898479152
994473026
519490019
258293202
659997790
819753472
926995516
548549467
617350650
533653610
568691255
516070451
497461321
144072487
476454882
146418437
764289441
987986015
628082822
252811957
659791884
286884219
296208046
294036479
555428939
673369362
498355938
508595237
757325893
504538398
634798285
714937459
947606114
239862843
437565843
411872651
254430823
724009657
346865930
227789189
826962918
659448055
799058825
730923113
957008860
886817519
245915809
169102164
469113415
884807316
475515164
852057145
207202749
657646374
599547997
134646969
586242252
326992095
756184685
662276733
636334124
577919446
609360548
453153152
274544452
986161010
787418882
191829069
260311660
239001773
446766691
622708039
709393887
204573082
884256914
639145413
773135111
935156605
656764667
383925502
100265287
886610834
301778834
649874104
910120363
758380318
548066879
955605470
364395380
250247006
910886150
351284821
305862313
270836600
237429449
644770593
404457879
116502121
785537854
722850484
283822757
814892283
144025220
839527963
682850015
320458318
685053347
844826735
909685796
100043955
385922750
929609466
405477708
828202610
615137941
460722509
208334214
431057778
261488526
862310571
800355233
203881125
876642658
885327313
183493281
174621280
587247687
935526299
123856226
591964796
749358599
614336581
534933110
110183013
309636443
728945355
431956540
151003750
146928841
236067165
607613166
453243420
398579461
288285836
390328775
379426760
220961762
205413223
434684612
283033182
551269813
605636125
477532792
979818307
624081024
844785199
963756088
376265847
744482968
852824767
290573780
245805543
398110551
486647794
151890676
495411577
560557883
141032964
417716025
474399525
410187292
827382906
319830540
102309181
814679983
494855190
429655185
640725874
286302484
848992335
541893540
777686693
856514659
779672316
723288926
718350513
131462356
697983935
920775043
443225354
620943207
992648257
158474921
656448335
658486468
751985018
761431161
558968800
878774476
280664132
265816318
530111383
609931187
228550340
147574077
541101482
188376380
765985250
763183953
580159331
969646888
530397623
680369759
918876386
837668940
109017128
797630583
815244204
800241924
841249955
363076104
125137882
169121487
286017913
372114948
367653819
339811805
349520192
720054761
213857103
186686875
752560910
571509395
681045249
554538848
613114597
298510841
648531411
959442972
907148965
789840874
101248596
934724537
641188330
362375789
464947775
398936567
661009646
771562792
215516192
707663039
873280108
789671361
171642104
737806161
392743095
384074547
113578887
458737220
501173845
731238540
917124744
378849616
551517519
408902247
927696628
877073195
608837980
314846272
549031147
302624483
653233973
434769243
481275768
388887354
355517131
765893757
774930884
434027958
489465825
104014043
843410159
529757835
180338346
880581641
330775092
277701240
323753863
842794006
639237865
799780900
471955480
255612812
929225760
909141392
577461291
810937176
829878832
442743419
417228579
704994106
938495257
962947025
284644554
483171689
215760638
675859709
116029832
994081987
308627717
220116847
268284188
800347197
364693429
374445010
617830090
157664378
239374814
983451299
208003852
650529110
627293193
543765202
831460499
578777296
208180955
320069024
112806059
940624476
999005251
980616660
650903039
305508431
657517134
553651926
310647422
700700568
497599775
529767995
723839719
422607922
928708133
850334652
217279749
829246489
762391101
598272800
264235368
860716406
908849117
289889314
997166694
191749420
338778245
924211127
148445218
545345776
551327009
493356496
673398544
844650072
280914541
350366859
457408191
511648570
843634254
261471974
284939030
769955257
775748792
191466927
757322250
649961396
476323815
576783727
542192463
629026966
268094202
314762497
254798133
519451879
192241388
690703417
900210998
477000183
879693020
520826493
977907461
748840878
377755885
875508237
399041589
166831971
494883084
401904471
602598130
727858592
677147989
524035916
224962180
945479760
797514614
582603861
356513096
755486722
493950738
537482904
931822425
864226796
778330557
509741963
569267888
327819788
198326319
125672605
825190560
881439774
680619277
345755028
315480806
176338598
828398694
467944338
967412917
517499369
792735990
860837515
722379645
167533104
236328630
416714357
201950548
103454542
291778867
228734046
316180006
550956093
977185097
731047201
631574714
996068049
880747580
740363380
870636899
654595806
877209238
893520526
226915564
610661796
417714704
994869168
496780821
661753536
823432817
888104361
545409764
441684044
568233490
733802548
792053704
657565008
998987504
814552540
800077688
253324675
692441074
781608507
635852471
200449156
895594980
431714742
844649193
375522842
202273060
619587639
855328967
313941555
407991926
690812119
252281240
277198960
297460320
720365914
605950316
262806477
111919488
692287894
344584400
762474932
708847178
118114430
460096873
541293047
996527826
948567285
593902322
454188806
534300252
721513813
303604559
784288824
939094931
633676996
414402942
112230899
168518574
954841532
544248354
696291966
248849968
324183968
868155670
542433849
515141327
525853900
472468092
367029566
434889833
197014771
156086347
169372815
351609291
492375360
620350612
274307978
711929490
927984264
242949087
967711869
933017579
642632394
792417285
170775154
528735085
544708711
526670137
291289225
949649862
646131767
703681327
243268168
898927373
983523726
322871150
764425343
473984725
990338585
113491129
584360058
475339778
453332774
238556645
610719199
625017630
945224957
439915631
132073233
877604882
913201684
118356938
540960264
672151093
227981749
386536757
492984109
305169966
239080740
776075261
488104415
421591638
645144397
950824479
205414168
517015789
611380794
599060175
627017764
413285916
308491612
875179353
632568711
566457580
952608806
712997644
915659851
988722091
317365799
829781631
490527942
927748941
178781130
975989432
305247956
569162296
571700955
104001202
436999873
282698900
961800171
306689737
615595815
642023179
622932648
531300677
419448846
525857674
435099528
988778612
818744435
483341112
280813641
862321974
831140285
404111845
859867947
125033223
899830523
380810770
705730541
933736642
111918639
398096387
703461584
768920198
161883186
745891400
952152611
537961190
485409535
234980534
354158352
897387388
143044700
785946289
557879162
165654448
492936518
976323360
988213433
535101307
650109055
741137199
704870676
965709546
963250608
822004821
283488365
908556299
190177543
357593813
680599354
733761399
636828085
296526425
251342022
175918720
794827980
377728416
520747276
656761224
396160577
500452411
399590981
699871547
986872614
922327569
127856901
994591650
212592239
244709772
962194218
843802003
678607757
961781155
644289806
136042639
116178213
221978699
321331889
337300019
337978137
801970320
505297740
888436708
993680998
690141207
484751833
996070048
480256906
323706940
241414470
988063527
682981038
233842114
219803734
337831382
612640842
599566978
932906735
417991767
866494118
851528394
841634923
589629988
985773259
655500009
208242780
498317803
484458697
419345766
636907752
846694455
408895790
536042783
791954454
501786186
304738135
843388545
754946777
131974770
246706425
809791170
557434018
482719873
499811486
668297941
115051091
166558494
355359297
186607718
987625083
800139389
973138611
924566994
434678066
204111611
481435983
254467955
276996635
837304296
632179622
813055780
526509531
316810291
286580836
931234982
456568851
613834106
436739325
517640650
382227260
307208858
320397986
222304299
998777801
724324338
281339007
471072422
976804705
579665835
472004085
280687708
967122557
100435896
136865095
352208603
704633635
614587846
378217399
707274980
389629236
914059961
732150607
615361449
765181518
619983128
176097676
439746054
310239781
635888449
634497602
674879065
212095597
270310125
340693073
381737559
241311634
868576065
279779308
895202365
392972242
860167234
896338870
711835833
221789465
894133909
879868489
684168676
668316895
235976062
538904925
520914963
748734810
973211199
865775467
334057986
408844767
101607995
222597444
712636080
728248669
118929164
983185213
383284236
229814641
432654339
798806191
580490734
785128833
866647242
654860806
260458420
195282667
876533041
966074064
348919235
702598933
687402994
160627785
689387494
393781509
699689110
981246662
121775099
698603377
648001848
779374720
515495872
966373271
936293676
315438058
112731458
587037208
541011422
198029792
588283944
170299922
908904786
353661660
585759313
879411454
737041269
673857743
642778272
664564852
219814023
106819498
518554460
203645490
368727796
239578029
487493099
915277692
721395678
987286155
997798663
650065567
894840438
916770441
576199532
889396184
976646301
281961045
932050926
637250088
932789134
995178393
321589595
455888941
806159835
583655026
268238769
933747264
664262194
748983609
550209368
428096358
676913968
164554261
946181600
909537857
995846591
323386708
844198325
688765150
688173588
196716002
509527369
322462416
479476004
218708885
778975722
208957575
889188536
450084522
155687872
205604455
481718892
703171855
842926857
908326483
455204266
318211179
791794193
291666895
158694246
823135241
677604432
256931710
334060759
900254827
204661376
934111194
917321667
576991982
932668783
624935615
944369565
475911831
500881940
229699394
515740066
270455045
272558774
694562345
606907992
539605593
175308555
390003276
778681633
905847501
724895828
176284361
774163441
394726738
631012565
829642759
764265615
964574446
761411688
906341745
765447081
754667937
141081131
433634957
109414119
509722652
520148153
933218454
153937308
261734264
804936260
456537883
367742988
303316792
408729812
986467220
681195164
458564465
907974676
289841744
306988144
344940227
330503560
899051737
945372466
104761323
210150154
520455372
271234971
240509314
566572982
807421356
842852888
798341663
416315401
368080868
467055496
417004353
287255905
727969862
375291396
172089809
104596586
607583600
948158109
498950074
286246754
373507450
106600106
668632254
278367263
938684252
936117642
197831533
347980126
356456085
872730082
184181320
316588468
696895098
437658055
658335141
125914799
621613748
872904625
367419127
263699346
342497928
356923393
926137421
860120307
221870082
793487308
834888714
354568850
590693223
754843517
773885910
397259752
543904991
294666106
247312313
872213145
364915155
325324671
902487833
623087474
417252280
857975225
811391214
865755285
677929163
616473917
782059609
286785325
732012265
412466095
766568999
694595786
610469375
345512630
573970012
544432063
148228454
898766244
995910097
464323245
327279386
230803124
539644735
697997743
324225489
737549547
768822317
137162171
128228293
178468300
111942013
125057088
531651773
273536277
547337880
935743824
866289738
487200130
928905046
844193338
259671631
569324838
139410956
149427003
658081920
455933654
969367311
170913429
518193684
444606241
374325045
986812538
737487868
331446685
662872038
963895201
798804957
483890188
996038969
672712689
551288194
810578742
927620926
125215233
423116444
279057662
622335280
253411461
680350203
325661811
821991692
758024465
719309910
213913075
372192682
757062367
607864090
520579460
299505014
704350793
200283892
610677464
414180943
951975473
572299723
745877084
423737285
410739253
903021073
791705901
146408674
340990559
151306791
689432836
819856056
954349242
399276012
474626900
248997510
900116214
814066110
579287495
891120222
783375105
726524862
172809840
265133747
312622970
346061823
647765575
547922698
883682278
757090694
702680217
237125181
400446262
785396483
708469544
313535116
697734383
641785190
981231543
950211532
513170022
208471312
567155605
114642843
377124703
870004009
276288210
275881089
428185444
567478148
796394929
652526685
213167311
179476635
388821148
878001597
464665437
129856821
321163291
726238276
544362121
381227411
599520544
520892061
153211484
617768022
501501377
794742614
239450663
949386040
635358491
467508775
756566718
644224632
194191788
671575008
922903331
158792052
210747936
212422563
956333838
560666487
439559152
621606138
973211171
771308940
954898788
980945766
563713795
323600147
571364662
771681614
140468194
327914195
186620634
860538529
342966710
110328681
148578684
154048909
537807267
631671590
480104537
253567173
589067333
921313173
344231769
146763202
529183192
750308632
108961686
619378835
998400266
972544137
905702972
162988610
390315448
534588999
978325892
751109590
646026403
736085442
484556555
754937059
274544862
282656574
577961412
262451704
248000964
719868886
145774272
442210341
131634915
402431630
878558280
274627033
604031216
799925349
239024016
916378571
161560037
396660722
625987974
226946571
585708594
120047815
138739552
636783437
325630089
677205116
361991213
416952257
979755213
924878526
421870622
199709290
438129689
605131070
395515662
262595438
610876618
739357801
119963385
338027862
838294441
556436913
529934168
374202282
135271511
254622490
833925754
571514491
364430438
734537620
610553509
555442536
777994283
925883569
181090063
135433801
521666667
155849023
961281018
250959271
174000399
714620320
599257245
671539940
852478287
183855853
839176968
539703236
613179614
444494474
194123385
779792617
819975963
241604417
998916945
867195008
418430297
772440863
124759026
290814101
285939516
393259158
171408994
568010648
947474895
818027336
724029258
525045311
502306579
970341032
681574332
125818377
411735601
589421654
252797591
113145668
584311359
405465991
735871787
863527432
753295624
792142472
111490352
768044679
455220923
385658383
814346361
459427283
886910029
783806442
252914286
613871459
989028035
585636009
284421247
956529152
613641580
189076032
919419323
493384607
302421148
429896399
833744442
640042448
490672474
691761388
573420928
922514729
586373353
264407366
149254804
113047801
953037599
956331802
960261665
613176665
260286859
655385112
401805703
959392142
409012308
633721850
736251184
827733642
101722723
260131148
739062742
387634072
541985054
788780809
157253914
208782244
291813145
825936020
785674013
166671360
898706248
154504636
192591311
952118017
841676881
383435229
975848882
430529933
445670429
907893188
795372124
963697321
288316989
999747594
434601205
353157732
606758668
746636584
483621558
830354270
470506794
966847199
597549680
601284188
872382511
857500578
551545254
853414766
611779740
150262962
470090570
193434973
817618642
595762342
888900558
761668471
894186380
701842883
112824702
243511206
611344259
971925615
143695965
357271553
645564342
346487062
296503583
527390869
111795810
279830150
325477102
875090683
749071731
862691894
453747944
521098394
747228160
855996349
995983186
883756773
545226099
148830159
641286161
879765590
405166162
633531928
668933783
399541423
664347220
937983593
339527856
717207831
987609846
537574412
253948077
729397342
399763178
214232991
351212979
735339248
934660342
211296865
969071538
976398871
302167560
906055041
632066719
747117890
741336102
676452144
624264320
273891470
798872235
150600782
106378294
552038604
184875463
817960266
206256170
523223835
571028135
463700076
398214891
658984072
185648864
252547296
368596687
811608155
377342042
869981203
833003694
882746079
291624843
276908308
303875604
707043125
900347599
338593841
335938766
644728476
148184968
503635628
141931503
513870112
514435412
430712437
499015234
846060705
865293644
669495167
132001409
513614797
143269889
528937602
306008952
425752107
765996659
131146247
358444173
975546989
479058030
645045459
927355490
151064753
143270636
127833928
388712739
342559847
928981289
382465249
706778790
196521165
476692476
212174135
729450874
500803010
124877246
734896426
748075913
502370130
723735532
673874321
799539400
233270049
625484302
349939595
234740610
299994221
136519264
501019881
479104850
680229066
669563457
413182644
769123098
284312671
858009231
508078182
240145326
378694422
476833808
407536210
631665547
711473711
661266142
361715677
159577016
307107202
384376527
937074328
888964933
678143292
526348206
185449031
105316452
293133346
206519879
712457458
370545104
660557109
717800212
407361702
797332902
753682400
722724095
337721788
327572553
531839315
806662861
465616443
743162016
538389479
408977609
341728457
419290533
764678669
292004494
871943949
822566256
136542795
934663741
408945349
892862203
216005993
161770430
704630557
623145973
981261684
886032800
565771528
556940158
375952174
580905846
821322926
485869759
629166248
649364191
259766688
565786303
750826914
377460031
337115456
643078809
365573618
417690486
823619096
140703485
815158986
806348941
540126308
379464436
414794146
106390638
497604929
649535484
882013110
710524429
294525000
977178395
895714429
336882914
543821995
959839453
471373171
208004649
884103579
761349705
184358023
455890195
105394189
754674337
498165491
946674996
555951220
713990751
999535475
137664559
155538908
734325148
221431617
118285955
341332519
173420172
566019442
283066027
694467915
100909572
567938636
767704658
264788314
173690819
289894250
611197198
827503029
402901634
893537935
476739546
649118205
291619677
212692203
955462531
975980889
355691126
156311350
345008701
383381082
326586444
339026972
733594751
225292517
484796620
259734812
914690759
841556498
865613315
534988053
493014422
146813457
144871167
198347406
989628141
175908774
429767343
300863115
862960958
951451534
480027569
276971616
993858485
371194912
319761999
723309727
708834049
408380761
516245409
152919681
257579393
728977949
971943823
256390177
989933660
228862232
375281106
266190643
437721148
783874258
844276186
533889899
851474146
912855422
281620659
329599463
985706157
155318809
175372085
900984432
339315447
534642730
540437642
665762373
855480476
884048578
965237455
242531798
516932027
523601565
335623518
189630953
711093216
116878357
396503992
680690254
130244542
406461344
500110446
806752335
177787614
346856691
964051029
425444156
504415625
720481829
512453906
708147303
373791242
419510996
954123913
395276764
396702463
980121549
460327182
392950839
808190123
142760006
736288863
937030131
362382160
909869766
252136725
496723535
440461693
676306758
964934642
719582809
507990824
291288362
269006008
452838448
526696963
866860804
794567574
497068001
194935040
168303114
658919363
127340233
761343951
431481986
869439181
811858245
830727019
557503383
241537934
195240753
564777225
894367011
555729735
172653395
948703370
412192632
384506442
134084654
782604983
412489430
879314323
228785127
428230391
220394008
925057605
938897373
563571080
476196533
733820017
470065925
155338990
207953398
927276434
532978995
221751158
868372691
218326259
143922655
723093830
409552279
550882144
282941320
973357842
251348873
794855988
951044202
838784748
435304269
512883780
292235004
665871317
744130937
241847986
967801463
774422295
562768463
250421104
692152099
115560640
975782037
203760136
550689596
628945757
720865234
854147904
904399352
779433801
969001721
630138823
968889156
738076548
136542100
127971037
290673197
179520126
574834835
404134015
751458139
566150868
252113918
566064487
429421297
182358987
317006456
708428841
406788117
951308816
846996829
872788742
188186314
519774213
134359903
516186185
261870168
439835704
988280893
945635039
182680589
378202666
960682886
971098438
696870434
396047637
540507877
496567791
230201034
814882941
461977691
201865175
783118574
388910603
825486391
305937995
566970581
392595858
779290325
299255345
931898701
101343574
738003121
313169255
613915528
496685785
655006448
559658504
818114571
751470459
883899842
548373564
380233041
514757381
326860698
355167509
651237860
803306700
788680197
230739116
854634068
930960165
444698033
454522678
239833637
328377154
161817547
843946167
842366280
512300874
586383391
959170201
535993124
809987977
867165007
322730353
384512733
435730024
346737919
231340022
886834888
284825535
452260962
937426976
182663128
273481967
605151434
787286212
931647356
297135104
547445525
703705823
310188471
688885132
248901348
680623811
804661269
730809337
426027832
400094811
828385662
563706443
878440741
774825168
427619994
925086623
615013869
152090651
592690867
807830145
291736299
548007867
845335605
729270140
970573634
511340672
611071467
395150131
953670230
550727266
883075807
835354835
863296043
592571635
807192820
543667832
396311374
243969807
565037264
521664029
992534624
294706830
927220386
767757674
382420600
106280831
489481155
223925962
454782874
790526885
437838866
921259360
173963786
224136921
818362447
196337279
275406083
333957508
694123711
155645248
842403231
959695848
126918232
273052866
335650890
182465931
608539303
404555316
243511638
596361579
552439788
860945531
754039631
897438843
645840304
670307500
366577448
242611582
253841880
303725007
176212074
757192405
575095843
696850794
646312196
883762112
649428848
654568931
683699762
109974823
188051213
842596734
378255004
580345894
657992131
251316434
558811864
626880772
435633373
361130988
639498404
986212631
887932100
528182630
132155934
131881865
267231853
263608725
987842873
587922715
939578140
317249535
429875685
740789980
371474532
812732916
678719333
954467856
862540417
469499812
305390739
550793732
442406347
572533929
515644817
949390352
399977965
417253360
917180831
243487466
421429438
511385006
182905847
235570424
276147518
607248159
169263009
103940084
413964035
589615216
759257751
614458712
634370434
374400168
228886781
171762997
880218480
536924052
602446320
531724320
369985006
876083343
775130008
918742335
700751499
371256119
599228152
682960510
892270921
429924285
302789544
551063255
643049163
443213216
441456519
472981849
681299415
288438257
274257546
737267612
194454406
141366354
281578379
997156593
424412891
131563659
990640711
426926090
714503162
416013778
503384584
785373575
172680278
696811328
540781550
394829442
667221593
188832332
838439309
229851670
201399676
588871029
542994088
978394597
859572654
590475789
868662961
388373503
782378686
570858356
406944923
386382390
447604942
745989955
701024848
671922289
279504748
405973024
151249408
422672988
514091685
856617514
954864611
299639866
237455149
804413380
482564341
778321258
581932931
863597854
189235968
332624449
437470317
204785244
327935071
631894937
696506858
147574405
252831230
829391732
151369135
709129614
699115129
551370182
697461712
540864655
862185608
497203713
846233509
352218246
451559805
832317446
209601338
754901929
275181095
596604197
403081318
614012953
137026412
174121429
357184768
176484432
942186979
486472100
728940176
655763142
986720042
495672788
724565125
352849535
959013241
834799049
436220434
675750875
943123091
392330700
954665334
161026390
682498548
372942274
227322269
516343094
350535040
739125322
491237430
276006989
190743960
243342998
806550093
729325715
122427464
625142576
511942309
657190618
469392525
864947526
478277379
762683924
425152888
168468739
386773671
907892916
683793166
685226895
170964387
199482035
225816108
544460732
856796775
166728222
652241641
431636782
280997530
380634732
610727285
281705199
586992178
235215057
639385856
181344917
958091713
644751405
652369874
752530730
672026621
201086980
220620518
401281569
229993177
557469790
748476682
855290269
645348265
626158451
513721058
356533945
892245234
799933933
401225868
473497692
418250283
941321959
649059872
930446388
420052014
700354474
274773241
870225745
253644427
756619293
967568926
349164379
610825076
214695770
497754500
163364392
597196155
543059029
306068881
256347517
542694785
984628559
383947493
192463047
259132912
357269852
925338381
211720583
958523849
840252891
836994353
677091867
803840608
983460184
496331861
963192965
574566743
125291196
843676539
275676830
623722024
215106689
216776132
612453973
767084511
213376519
813030423
591208878
842142917
682333365
233588414
317944027
136240961
577937541
529834749
329589807
995994091
415963706
244718587
772706658
230846130
854236654
639544514
495837678
669903034
528342014
460538252
790832722
132153060
309719789
302671975
751618337
143820981
695659502
514324352
126166653
478381395
964133907
185981669
715910059
392021876
828581480
146025224
348105168
245671342
937131296
886575845
132577881
568883942
845185639
236753613
318124411
739750058
697596767
760458016
344491029
914815919
212686775
665409774
671130319
600329223
234408549
455879837
772094139
830010713
165812424
530351100
899754557
823059445
556975591
588973515
797631204
247489184
959753352
263834853
756646325
326078496
797583307
295598296
547502214
876617450
508250956
608545692
908865279
319429909
998854565
474394335
137613801
975350094
574129105
165092027
228424203
557384663
919788766
612336978
689161715
804451158
846425822
717403588
763855836
302187120
222935107
760406857
542023946
624331356
121225211
381766680
379714265
244203347
735063233
830446876
641079655
858342186
401155017
226032128
914895492
525715609
682987289
330227041
236535124
300201599
590549250
174590982
142679377
880474481
982033514
175714263
919064547
324840394
555656796
154605348
999232045
497979970
656802972
909740148
264427042
840053629
452905202
464565546
399926894
368904689
766555549
333782131
334264344
160933262
652357576
993689788
952729611
215055430
906633940
660807850
270284114
664714638
774047751
957575773
277001160
399460306
271873878
222052689
211543789
566231610
968537598
491114717
855685701
314163317
427680290
372738997
869496412
460199751
892704540
614445521
634623287
944554649
121050895
534488449
741578598
232749745
811893719
716043578
838395251
571207368
116879895
474701965
233469074
972268358
435937987
584801708
662351868
705965968
787664067
221512843
116926533
845719704
674948249
206381339
679142087
430629064
784304278
720283820
542056007
670273465
106929253
359991421
488014804
114012562
232692005
136708025
916976612
710359753
542021490
390885675
761842504
657346655
142154703
333614113
244963779
356928822
656447805
484445125
513071977
326560572
276222189
693212925
719106720
659751740
593283955
665633664
686183029
793803296
679660312
449960303
844838336
416428060
266549149
688663159
475294517
150042376
850977406
560489073
563518446
288178325
745742759
112486619
500749789
584832786
374598678
442837992
500364589
225817226
285627593
469861923
947088633
724697271
354835347
488710827
966699791
473611963
563136306
521420718
805469553
145444013
608819381
468124444
977275411
124353333
640996377
952260774
593071245
246611340
954879551
613565085
798757644
564931483
417237397
983613310
937923073
877947448
130053622
451954654
626747217
499092554
945151889
765464384
754829117
769545335
959045876
276073528
615014331
940926794
683847529
363767983
540706504
449787312
938775600
748064506
373471369
648285611
769631210
726963966
845329610
970561394
393583432
453369043
484706535
125051149
353861873
604924472
846690345
700004642
729972916
336764896
532569023
950183841
750974057
681298124
884379570
325858820
871396457
138711466
292806474
380623067
357341944
486160134
933748700
753162103
474953135
814037693
187733313
585427403
873953413
546030125
700627481
903682239
656717521
445358569
120268272
642290224
210197214
495571340
133529882
431823130
865161968
816994171
478611295
618945604
838914034
996290501
961665958
803778465
846576032
732288028
546297449
861385191
694705244
576636407
268951008
306839090
350389238
114065657
271064917
383727030
641572498
854523155
314012026
599466110
576175471
759922784
700317768
849950731
526187272
169545130
379504350
361579814
732525371
489608818
260369000
152511765
650048751
515371671
397033233
418882933
807055942
941029417
960981143
539822499
646252672
824635037
956810856
923405076
938893635
830931872
569131120
897076762
879071180
172359173
391329629
528089391
636899851
956697303
979685004
535285786
647542847
549040063
573481970
321563483
801172384
660426976
357973983
254495442
365629397
952022036
396338191
560386796
194119803
737679012
332960564
583801973
509158857
659718046
206302227
986619340
911740914
525091150
780461300
954501259
232742952
730950196
994495465
293098047
480205497
584468962
427818362
913266771
556909957
198482806
343723688
141256891
185999235
677902513
732046623
956203955
371825578
344532335
656483152
486239069
691615490
572395153
933260752
347806528
454875564
973175132
391161403
300187197
139809301
256411864
478683225
353667154
456472250
366575299
945006758
121205552
566262339
380962530
758242958
699456852
102672100
608310111
497612607
422064831
356036200
835887998
523590429
990365064
712058545
750807874
777872581
542171901
401888410
369309616
800011938
700320441
369795352
285775163
281270430
919707438
695432526
692266064
220238595
467490326
403647921
286087882
993393386
186835894
937381884
492568282
612400311
589438350
930091693
157725702
357050936
554527488
752103538
402490201
105818788
927972383
229034263
764690084
207744345
856683784
938050629
110956565
750967424
531237886
408777744
374063495
323208570
343023464
302226801
716311306
658340304
368369697
171557302
985652852
252501030
752484869
270215109
781230133
621628856
971225928
227605310
907125836
252457834
463054358
424631779
600653133
413087464
757613228
745348761
373103906
305749530
846623058
451748300
779744180
403450318
793769183
416395421
601216001
365890280
566484174
484372928
120648963
524754822
944079235
795282554
593388086
673448611
193229269
233503680
888728897
199600063
860350501
780765801
438099483
126645634
804859939
970568974
767009817
519776614
727569725
438480686
232784246
353971899
846241403
154179802
724323613
481603673
347530234
185855430
953671320
604151525
371446030
898765500
380752837
326930631
906657904
364654121
787772785
227306208
679443285
207939000
861617652
790694033
781145260
111368148
800985527
235751845
709999631
751960133
171791386
407287760
849301383
334528348
854076855
403832036
684131306
769625892
271733150
575790028
798059438
112081828
144722879
166088058
147156549
424540676
149241046
680179153
260702302
481956542
573043412
596443429
405204758
350325615
303292498
578457611
633154966
395445374
311859755
318859996
968045422
872751666
940908499
992107167
163642419
388623802
245924865
813958472
618470047
295482637
850948670
842852296
708919947
811771298
645825841
913669567
676871366
285747559
252497752
430732446
454843960
692866086
693893303
295018880
756503874
872350018
978059956
779233497
674397119
357069138
100037524
933381279
254653166
714096545
279794091
198036672
900200695
444013732
778537725
157293982
191184268
246894848
203972723
686136109
953785910
490156793
341517865
695710989
278315673
306887777
155638368
721473585
800380668
233758802
484138988
938113589
872048920
943561742
148459631
874837951
271900480
241157274
970332390
955864511
813271553
403001899
202156476
221949218
458914718
762451490
497266611
931837508
830574461
932841020
980829918
252744074
742254887
178608324
689173112
502531290
293658056
144723887
175126603
518478020
996352180
873462423
136727963
490866604
457372268
772924213
495364419
409306038
784405208
988975495
601549418
601656357
398543584
594127456
741737990
584697479
981146370
170413003
736184761
734721884
636088214
543492913
422613004
169201817
687297348
650055330
110775808
112467901
514939759
959830723
883747721
558956225
606166950
388575436
843960270
815752934
822131316
194134971
858367911
300943044
206430786
673043318
307069066
466832434
607992657
207753387
181824637
824044931
323238646
368618661
876254159
678079646
365013132
197003771
647175015
434933550
449579705
785980941
727379468
952253500
235477117
605124809
540677760
151897878
825042425
569616268
791905536
866284220
592083608
261307344
105011917
635153194
696005912
483257217
729400888
428922990
947889481
480987907
712328264
607574989
500382193
620239054
423223466
886832707
522443850
894224002
134163835
593202031
397272770
993776416
425409022
854979861
479921159
605480450
197935937
683066630
806666475
207346542
574371459
731062375
371905651
644849149
868278785
700642948
182896773
735350793
977826804
552436490
137040168
838292508
257261323
840909627
383540865
450026201
396045271
950288875
375674562
809462968
621940613
433458008
370979531
647528241
576116527
623643557
857738799
503604720
336368181
928925435
358269018
794951467
604592260
637138481
758155121
155222013
282864458
453059393
267221735
888604574
996191551
279625583
947445735
104793160
714683146
314730104
414483963
885292271
919608788
162471662
770407515
689764107
787033760
215332694
952058928
927609365
437021413
707729343
980822397
628803084
632370908
128891880
451120976
107217697
771878109
673380433
103339345
217021540
945352487
868341507
221791713
873590364
701032214
491096204
184391562
469124918
798402389
240180646
300657090
379414399
709670376
965901559
497424990
434523996
574988385
439963150
184787341
439026696
989110761
618647590
364050538
801248492
503098711
612887296
566960144
489789734
224181525
289972206
294381536
449933008
825697191
571415727
718421992
948916628
749058294
722119412
448449873
481548671
216627166
162350033
985130184
841189932
604391555
462269026
554364200
845436173
172656231
254314615
603463686
161592417
303023924
700231122
641947093
267266095
657861612
343976264
216625618
408187721
110495361
146375618
421542638
385512244
468945547
458806978
303448719
628917894
516917562
441691287
125872342
139994632
706117003
313365656
723460617
673319941
156585296
368273834
100300238
565689809
153321928
806497945
400064864
171379496
646911429
929599810
384409038
979548302
944659824
338898882
881596119
458792940
742626425
662842985
120179081
804270172
371302012
700816952
269941866
450486090
803695526
237507589
156260920
241749839
615994682
717325311
176582871
835373425
358444254
810260763
702590507
677901659
146266567
566712495
215266499
575514469
445904599
842794144
528399292
917947278
437493274
699386321
646457583
436903329
517040596
194517270
879955511
524513416
954772119
419124649
604165159
103852161
386024168
160364810
890447967
169064569
596018837
493468504
700775255
271256166
688804055
756990639
911825703
170515409
109940059
822019240
107527676
920935538
340549109
864670166
410839567
387544146
501786041
451715606
679364130
821557635
255769588
707301302
280733466
642940733
815761489
931766125
176188397
926694392
680502693
366033106
963272712
945221583
305932970
105290960
709266321
881075945
284676928
129078339
228697378
108082405
672676915
465086906
175439429
500490389
313002223
514852379
514145196
204347344
918001160
749702242
430417219
202299296
733983721
144728573
401976697
608374443
646369467
578067688
655834259
755672449
809578312
467635991
911324321
163588887
573665161
684000482
689731955
485764592
143286445
254472105
317177972
545645078
463474211
113473387
141464892
730786476
450436549
292486132
424686433
655003608
670698376
443747653
672393399
250812653
607881535
172398941
376057982
293418625
100305680
811788350
826350460
793899834
112522494
719932385
525992705
398802626
276260918
579891920
974923104
418306595
995839715
632363755
139666009
892720644
918754025
558530168
576044975
992163206
845714085
486265269
462661153
128441563
224712216
503074848
437219610
339696742
396007764
882604930
448460472
540411320
356129081
620951351
256899070
315521804
670863835
466730288
377444082
775879364
250934366
904307908
569858481
887896335
964838475
570732207
410505713
759552516
207247493
878996743
398021162
561652542
180635317
608020353
327061352
967134229
628022005
557694579
654344274
759843635
299560457
173879645
129758400
936733463
939927436
847896461
997263633
332218512
876680714
126089712
336879911
542752871
372444480
453779306
597197476
540665236
812009381
687298732
546441325
393006323
168675377
958144670
914038786
269914004
914431332
648405201
737312936
993271654
795150415
487450767
616923247
999366172
769106395
127829476
502664662
703754025
282657558
912910294
241944439
360004432
455908471
839752811
793686521
693046044
351620765
221250186
109288331
592320733
874507454
754767196
738597697
198136743
435631964
856340856
388177238
163109322
876275789
710988849
339641852
221699699
228887177
466554838
653593641
733853303
495719307
949588222
789711218
131818821
443824893
485125246
157797205
176432923
842736477
214704090
109365960
417058444
202521424
339201686
963389344
305279902
770281318
809741801
384310688
719922392
267818682
512472547
175601759
293762603
290976039
381438370
817136611
351295018
726156902
509487415
205277682
419469772
979532828
388932398
445695449
739620887
622393848
194756352
526778865
354063456
445798339
262226650
835733173
334306646
612895677
697067917
248171823
680436394
191736347
807215945
724964659
664949271
363374956
253153294
332625733
376076767
547929033
623411991
722121075
521610891
189827081
191604685
634458089
133748804
336305142
934427119
635077290
798706736
609792011
941928146
635335363
803504622
433173004
158092173
143528213
723989260
661760277
968056523
770130049
432572033
108495047
425244810
640338746
347144882
196771243
143017520
957938216
580852386
379717371
147246995
102895480
892515051
996280450
291674130
472068789
243919803
311555389
723702009
478924481
729317794
153752240
936329538
645310589
213700509
364992098
140510739
320455975
403694364
128647086
590316927
747005748
200509315
747911698
914181378
920412871
809065698
544475531
317372690
534765339
690239540
215225378
403849099
694066342
113286160
366324385
966049488
648060190
576118496
997866314
553247738
416811318
299490247
146227612
386638353
251309165
425753368
825483518
819573458
794584141
454310813
413546745
835222312
532371237
828383581
707721090
184544136
540605031
884328631
461794036
660654454
931948587
774698535
609209979
183459457
377092854
678846401
305810878
237767484
428809235
725227240
892368399
358713855
967007402
696434601
537868895
702325490
392909840
600330484
918025275
886786866
336464842
134538279
210090434
307474294
237485343
356589168
331931113
827147096
906176474
791869601
123916793
467366060
678092157
225692732
536969219
395219823
982829774
301198815
667584857
974142606
866129371
188632524
861053111
948060891
726671444
956014418
141576787
555265718
296239986
147294147
478253266
118096345
759904301
184947475
507193603
394478889
168761720
370112112
971338424
840437785
668871862
391747991
374731572
185965607
897724110
790826832
353610752
394669646
498475445
752568144
190136374
947262054
623802006
978661106
849498686
353159553
222715120
641973140
702901676
805794244
744750830
183733290
964928964
967212614
225501756
477991127
112860197
233296658
835604572
410097783
194530367
611911812
407076979
131702065
432497425
563286499
949590570
914548740
124831764
227863748
767940255
937016423
962320690
775371062
559233914
407420096
508483356
750585181
631953812
261915895
616275971
886343436
162148414
570727855
555724979
619363014
573209611
646007429
626315763
130438650
412419219
194628557
207940455
402027953
651789642
605153042
572844841
259090436
108671456
973674901
999037836
357449543
675050919
948431536
756187506
800738520
943871780
505733312
830072906
539375652
799985806
720828052
365740031
437533796
548701864
494760531
951546761
541766465
437901507
206529857
499548890
112423913
719429814
268911356
571751421
311649156
238020921
293885764
467447540
714643052
873841787
603813580
663974066
592593228
754722754
864486434
839148122
125840235
244712540
604755861
614034109
741341073
608966920
240038228
842645278
605108238
684767850
936775245
378579245
993665791
377360394
492706605
240398013
467484440
922033008
551232281
121381642
449383127
994649500
155256551
901663517
940376129
464980648
363574463
784288489
503578940
423321722
320920979
511769085
468639743
407410840
614946050
426622309
579056920
633729616
943901001
744527508
618879568
421885379
722922725
771876652
901813572
857852193
837232157
254421554
570716021
412611474
963446190
810073276
976421921
686230776
947327725
215407608
543078294
503425191
957276616
310063138
851931005
397043875
784486517
638917517
383780410
279242135
732562615
677793601
717366923
167097476
549349470
367364053
841491118
224073423
666957750
389607709
112803224
240748951
808301147
225901146
188673394
829877995
998604106
630213325
593332859
730179396
462412645
314260216
641759298
224387398
200612839
479425601
485810000
701537268
350240989
261772517
478089182
544192055
971141745
786731090
978359670
116278737
889257422
742397054
279067973
316521608
821408132
159411339
933420060
285031707
184056334
638649133
216187725
895203774
206796228
215716331
894391122
515806351
308447763
349813062
487734815
812686018
118065358
108547679
410443502
185747533
989340200
519412147
832099176
609382718
301211989
258317997
730602355
482554557
876402223
706986596
756929877
847067711
155346573
271500603
427394612
784688777
341003656
770389129
355355824
267509686
246975714
364256778
130280663
260019779
481060549
482253838
651022596
996118992
150766039
893514419
749766829
756510609
666846584
427681498
964460221
772250951
159361262
466362483
101685651
845270929
730617024
706849060
160340052
485893856
306641601
797696340
496337832
886663457
510959827
279741451
146684505
608812216
349986407
638993007
164134500
227534594
225490153
523849443
789021860
924735371
504744186
939479948
395625765
845153916
122882891
489451432
842434650
783810780
160497731
516906171
195612418
354587436
888683748
918454835
844394406
932934666
483355945
141430084
408478135
247755358
913265782
868946197
565147566
915790322
372201182
271906071
912407940
530661762
771970438
759705780
814938380
862449256
485476337
925602359
908959589
582618133
489828281
903324907
443045090
198545726
418774875
201286730
210214736
228356605
988639410
768166400
373884997
696737158
740843627
310824414
160886546
841370089
607077052
423117246
769606410
374196363
794382865
512856247
347822082
806207181
677644589
370317531
535553369
155602565
429038872
919868339
383874619
127213944
527936958
684711553
993720921
404243307
949022390
652957097
530293655
147978823
670702978
467943277
728252763
401280835
977345624
893151890
636736726
473846142
285669172
801244677
164931673
400367363
581573350
506227540
901986922
725322103
776186806
999016548
886651647
720308612
466407735
943028121
318021978
984877538
469094481
727683041
930884750
665129735
219230856
765789779
116644683
950290148
216053150
652974720
279005924
747723652
202990935
506145017
931425608
547695752
725729375
878706858
669901271
867689379
424549798
297681727
882629172
802179030
289656808
471003762
310999147
514401309
632652120
357244720
289945745
450837338
649058608
164001293
580550518
155990106
671678277
897774486
676971906
760628061
253837928
842936883
172174940
990761420
628687061
301206297
291080616
418607945
968724795
200266509
960787514
776500012
942934070
536294158
376531970
819855296
524482250
155811204
156171519
556246792
342777721
105442528
599053136
842646156
108761309
787305211
214970640
485990819
121566512
708854545
965147266
869978292
832391638
843969852
755452193
285720025
300981644
159093399
636477855
996065047
737533988
639557047
576038533
217352274
821639657
114698179
973186687
308462992
504199089
682402252
713476893
654249041
215660561
185793602
281145553
515065501
979386393
620628599
551728953
416001895
193294635
697128647
764094804
413380896
984634922
435070337
940964439
569247841
433071930
435881169
895895864
352867558
835922789
334373954
574812204
973327214
442935917
287707817
264195457
822487275
529540360
820501787
771353625
403893625
657727075
878326925
655914998
657436022
674579378
734255568
476911217
461311861
650131750
478766399
714757969
344549728
753977963
586244716
385018661
518483805
879305396
855867008
638810584
304176119
983709007
662765527
440789471
112015569
889800124
495812885
561650132
908814956
187052634
162632526
987254344
732816078
446170420
221452205
802569633
529436393
714275583
411216125
785646460
707405952
509056059
688287645
990882734
387773418
840272023
996312707
691762912
640869069
374653634
122478547
897522470
448249466
426376353
701764735
356874862
716680519
733251370
684938447
623537574
661341018
473666107
910648164
684540600
986052756
742350391
790933814
903734435
732402815
810648541
955550041
898283875
513433089
637256763
591168748
923971763
644688933
126494760
383343480
322485623
267878179
838490290
589011184
781071815
664784533
662819952
117927662
834131238
758284742
806730439
424258210
925175618
975710970
239047131
496187406
516576605
532597721
360668729
410174345
429496049
563202620
966552355
896961506
844996652
165732079
677247059
363974839
108170974
516034772
706529808
712801222
794845094
145429903
698715740
965679451
603595034
248450666
949204508
409807766
495712427
832232267
710065621
822817012
306982624
673244928
747593419
683914660
518499009
983376313
635130089
944829125
611047713
725054235
407070510
367488369
258170559
283404592
402036317
527685827
666293068
735246133
404614763
896305975
674448825
613911694
236114151
991461935
823583809
309326220
790151806
713400695
967645660
591373273
304297238
253935473
298523139
725456882
627799823
893258348
593417605
599453062
162362887
339238436
350368237
933094055
771343173
621065937
122850412
631145790
731172186
108000580
913993063
679511509
870742513
840799842
745066895
232414721
958934969
453997970
584535679
123976388
595761114
797667700
304428152
855205365
521118218
643473595
185260739
754651905
870436148
805332002
372854768
189431898
253426306
791580493
950077848
912271502
548286281
532691057
378866096
146427615
841151485
961727866
560854499
894914257
229422216
303278217
460904945
325697401
524699325
432481759
443527374
875988309
796041430
504259576
401226686
365836275
743959784
367254304
191108110
783310176
292983842
767144307
882312862
576221506
153697176
152781257
812973347
142071212
146700261
234881679
389469767
817386575
678802972
448897059
166375721
931028734
710576452
914053399
741464692
296101308
789940918
393049299
888848254
142751404
883660979
224695485
330235307
653593674
753661415
474982475
616240181
878841598
940620997
738140305
380902447
181429722
706885510
627019610
150866455
820026284
764166316
803731620
460458670
759259489
543938544
427160761
253620078
926992432
857763538
686518716
932216075
629866198
333938332
488386418
189890100
288711657
577405425
129467891
954923613
531812789
431102207
706278090
653646312
142358374
107203380
144188335
471976358
645393475
159735231
621255845
188409949
851628404
523010159
453904661
633243347
372491939
695101696
358972277
516315689
333804542
196132393
187293977
998176299
452561185
766875009
963643414
133185833
409699551
234916296
246442470
920623275
376079849
583735654
685948457
595061185
876444332
953482255
427772379
436111168
565206947
689391229
759294236
710061898
285811590
122219865
877180200
899752036
623689867
891031018
239225119
461272167
119697587
344205765
160600645
828374882
660596701
926898941
859001316
639697205
352811427
143911877
599553282
299666452
621997257
446600594
373778239
177868593
977799549
829373786
126205909
480095084
416370627
500863895
544576990
558519938
971435367
260989253
682477645
961842835
663063317
470695441
238170995
610710487
580759692
777413264
465404215
290768336
234020050
428964169
100322489
381967062
358149076
999631233
663878544
125725389
963998160
355035355
481993308
622796104
856715115
297801590
447799755
977981754
324498854
177663905
534456098
547339609
792492266
421835486
859887776
642482999
432387936
371628922
126076607
110610659
111019912
399073222
428161234
766179218
123447274
852493224
867993263
392134681
944657826
120234753
458341654
772136362
760240536
488493970
510191642
737565447
528774327
892370455
905384476
504285771
207480078
752687335
763436516
723731442
355780660
327749580
904878429
800553155
621634042
876000684
275486690
972939555
751248062
775696862
799164419
561262482
160715036
792847180
939032939
411020174
464193184
678573592
913285053
623700952
595364727
612964510
130181929
839111191
494208542
101869682
927620510
608466849
507445435
714052476
194324800
521617605
866654521
203392105
216310071
395923461
368787844
246467766
341694318
515928644
896637004
409148792
575414914
285455533
293541499
436898519
646441081
840218872
803918773
794491722
885161536
491597224
308416705
502609722
174000939
902544004
205808945
919278238
662135887
480898875
343336649
113223305
146373865
733081196
386764749
491368135
940056339
218437219
600254241
378151618
453782162
876832511
218677309
247721845
873613534
296210254
460595308
967225785
139555459
779537176
648562740
533481682
454454704
190458939
858809654
680085782
965588675
250299613
341295365
609378043
458968478
997431503
902376951
964904908
294488280
613438088
966474405
772666305
608619964
862253421
190205343
514667363
328168000
727079460
116171746
586693265
704974325
711971132
560778815
474977720
345862789
691075621
823172735
697442510
764542659
916798423
262914901
278029148
422790878
621613125
893404477
590211206
642197649
292152141
384514145
441396810
473012867
181239930
856310905
783782618
903764048
560535973
894578600
804155815
267627546
392160180
209167263
299402927
796391373
643833501
785112188
766941722
121655495
559499545
116687551
526080234
768179355
859279260
477940648
407041970
536718257
569075828
504985506
536565304
339047515
143319630
146414876
729181419
203570955
237552552
418680845
365954145
117076764
525118727
714231343
365772848
213768636
489748892
395523842
390196086
937303909
532546642
677997862
323575727
498471189
213607480
350367690
178134095
108394403
900185821
792074905
113337634
986333723
254558590
960762599
745914982
151735341
867148226
642929202
135747388
411434555
750491854
266270951
531889718
471387602
171753508
778915930
150521073
544756970
687107593
325876715
289502602
191333009
424559051
468614665
703686667
252999712
360544025
555235636
549855746
984659495
939673050
530238913
554216563
442423733
323156309
500709882
905006608
989410283
254336797
469685367
375177498
874548264
709965903
633069154
794661102
400618414
187013413
480123245
600074338
199204925
770705644
775248923
276900946
582386484
777726380
340377999
142329423
176336554
349446884
106149283
688737735
866206311
867957175
605440870
209727742
756601023
423910451
993106877
652741151
271797700
292483358
193049798
206605665
737376669
959209425
460763403
715866934
266313397
288202283
716854216
176520645
880033622
415381700
837574071
391379640
456826717
638590356
779289791
978748827
152199483
642668610
881653848
964950196
874969278
781255067
691000236
652693526
251624604
266948982
349490426
940200876
615404766
285542469
487984692
440798401
558481489
806446619
468336799
439970257
410390639
659477467
702188302
123028063
639254439
437267906
488461338
517473293
183063491
350945196
804329461
717559150
376204143
994129726
404167424
186377349
896814569
642280958
251940982
217589315
711701788
957864472
930866788
217532366
962872706
868922699
858547297
515564913
765473290
593367364
594035007
340092915
249725565
179543887
424869157
649197823
756430087
556834864
971139376
513255349
433726585
504644620
960349144
330932324
900339825
143761034
488893226
590669100
792461631
332915448
396059940
678256689
287345959
823959988
752704035
702996443
677680806
978398836
463386945
779011643
561561811
503320126
902865976
438397175
385057130
355206826
898259265
811197591
215558799
669279422
218885882
949988723
922975597
815164003
479810756
407972191
313098954
405800064
719373006
698930818
801396734
809811930
127067485
528549711
998536616
667196457
150901880
235081856
739773895
647259832
904430678
458002045
534222099
460420653
510724199
609155338
196413668
161779678
389395311
519820421
316303779
143694604
627637790
385817605
968731590
193432718
370127380
423444702
230247083
351150542
283347109
815123389
191645826
323098302
479791720
637918909
438368331
606907389
323302125
988986279
275481373
885623329
213992311
759909318
595690578
620585276
139815004
706641464
469883816
115608373
340367070
231725658
276539361
616682319
210210961
453057627
543240180
828341720
748581850
752765733
632654573
196723702
887195819
130430219
620343866
509986551
490512213
419512470
264422133
590627569
125409335
537863487
415255577
894335883
925326128
670371229
402407276
454480575
700140353
592531180
706563623
542664059
935286321
527220043
646689858
816709098
760284145
828562250
959818424
476592001
321003585
709924854
845528217
760877720
136960468
184702889
514321541
230291002
254420626
322474800
437483120
891906616
385003202
437775287
619881932
248132405
134970265
173612426
938848736
780819908
820619913
159502352
219268198
870309926
741160155
889767264
837737726
468764518
914282345
134198035
455067549
510090799
508811614
186923588
704948246
873165996
401755678
385711808
279347703
615405273
507947680
253459462
371710037
297310090
479671769
672029613
612059994
310333527
490014821
436276770
159033212
653421013
693943476
658759619
725274372
493695692
626696445
569756152
289462631
378196355
682684725
327183606
716827804
850215007
542186545
873274748
184166464
122580992
643469849
463629201
715794445
984132270
179918041
308550998
448116786
864636921
213044463
606109204
193914350
143643033
161471217
297826913
335812771
653586708
829703059
818370124
368809850
590517230
630151201
308156358
956740645
418905699
851710435
138763354
277029551
701025324
746176434
530621368
362706306
199692326
493876045
669307891
337008716
148150641
857895652
918532077
264473310
997777914
516148837
276298607
506581097
484170145
657564307
218836160
101524762
281325441
628919376
109695662
227739047
926703120
233037434
181914491
354121971
279825330
388366141
480560951
832910622
818297118
397085639
835014532
175157714
409848932
277486751
975927352
332458462
184721854
531986957
644004009
720212696
119796958
832947587
567754904
520350399
964539045
701086723
107990353
282413144
878286343
177642382
418481738
123611412
634280674
469362737
563221366
840963788
210094608
230279138
674886642
910847210
461589951
551780566
563512958
806400750
329654749
916468188
449151295
823692900
138368220
667173755
501082475
562058329
689502368
577027206
705752540
368981124
985676207
995531018
911192795
804993468
254192108
491931728
632917547
564400981
183681136
959751690
135999079
154038194
938090548
175710184
633641744
325872003
845964421
983351113
762058547
839018517
847448218
148924250
273233890
498965588
831100995
651583912
664759479
746508112
407462625
223411735
795663548
994995085
476788629
598455375
759634560
756067583
295490757
883376852
977608919
113684279
687405394
167121644
911563626
327427542
238079727
414446421
325506513
358052341
117697966
471817262
488406041
948814887
493903908
605636921
530518745
917898716
527752266
828141624
914760170
223631822
878081928
389933981
617242796
587824087
237985052
750186156
144071382
999791812
936653487
343046785
250402825
182038259
472377538
905386628
402616873
824143358
910510343
600442637
667008363
639634370
224257132
923302944
591737705
712011900
391343086
207539146
145506846
378924622
964767947
439992094
384350364
870226162
464364167
374489783
210206863
296269279
989945577
517057736
921670992
876648706
920117140
817914656
686196771
854402174
845006602
719085829
604979612
797186744
492170143
402147362
649397066
919504673
569957853
124126290
587525964
981232280
493451777
446440398
948470713
275144295
772232529
772799072
442990758
723423705
119658437
807051613
141888227
828423039
842051687
232857100
797275380
739304175
520196530
849838288
785127655
480615376
218879576
623945986
658935149
981127275
488170321
223182921
367943840
780757434
643273700
615967218
873223833
224889148
478587347
385245746
572077644
474770065
469998983
285250461
694210042
774192159
345329856
866405054
949722494
312033019
943927516
491232889
613388266
498425415
920655987
952798198
554932361
740933099
353426835
923242655
801346527
530739381
895058258
790619740
817726240
765901959
397172048
711253736
532780874
406077480
412958151
843801527
807935143
746045745
294280950
443392050
452511070
942352399
749138525
361866206
887587206
296515540
263259727
823940751
137370772
296540462
571520740
804113135
763025619
347391719
600246097
459735360
675563367
667750393
514155905
531400275
741530246
167046147
868875494
110847039
193383101
135931417
183005267
333715556
112441081
430432454
174799295
521084075
885526131
135994395
984043019
804999972
167533964
480744111
897650001
374165884
443278521
498127647
170784140
555915602
471421573
636860086
556074750
278382364
844070234
449158397
217738145
652580730
396439576
557095419
116261292
469476463
217692362
937797357
712171398
271885106
329030140
671894299
971118549
805368749
724871261
822453309
968776398
399514333
502850281
626061267
743107208
692276458
243181215
172159884
386171135
793953767
369678695
961662385
578303610
544872000
818710407
318949496
413754338
800571312
233285869
927668544
816990688
940757944
451499428
758615983
135420028
926027569
560150063
239847910
104459121
313944171
105711141
187972504
395769837
334511818
981552808
399664181
217223483
657602532
422968607
242733912
323473805
844866589
911178683
983660468
915187977
365747741
333327027
742582778
318245517
956860070
605278821
501676517
888640967
750399171
842141674
572698179
375827416
598199704
162624884
369146353
957906316
267941310
961771129
590556859
518662298
221117240
185874720
822179722
135586720
734060851
740526794
274613645
404060137
951202107
457263606
358421606
161583922
422544593
232905231
459052306
368860433
819444571
779006489
743982318
558365805
167706751
599186222
431241081
585428505
760424258
773423349
453021037
670069083
144905930
966708247
473338561
559185713
224870360
195045785
148731950
867479112
600853443
243215748
870399216
558171941
879907409
443518674
993668905
523421338
779459798
738274236
844634995
738757663
474202286
759575361
296061349
973245386
289133960
134296365
708910764
186348023
538962844
733695017
309286603
345279074
254233260
272055120
420581007
584681634
627520775
467769287
651621553
229034370
543830731
210500002
473253396
823605737
490247286
757784755
643200915
466688475
303138406
281678136
793446323
135695557
195666680
943308197
153702264
490487050
190366607
474154509
816922499
603644450
260080928
913768888
834315005
433959033
391078535
915693527
478387351
657118762
578126357
649156643
885579904
949655213
935855897
863578716
723937006
588410533
713062946
285769446
176512076
977873423
141172186
484449023
198382949
999169880
823487186
459644519
907826798
557002310
639054028
178307418
899149833
207786033
225541590
671596023
966909136
323120740
183256663
193269966
400986980
696382559
947873099
409671603
910613043
633631800
319127601
289694831
726579508
360246723
412598391
962100473
695293238
768245393
189161437
549030412
144395229
822512216
937999552
717696202
312731329
569858657
882124339
611196727
430224907
359082904
578343711
907179875
108842672
717077248
688208663
172050760
648366336
752678730
802063978
691967663
480019547
710284512
815195503
765345100
215216107
676886476
241496904
426682202
693721214
900376612
219791783
952448419
478830307
897847290
391938189
183309691
985165112
276321764
396792218
948812028
603318256
595124066
547609386
293323749
206435827
545903520
860636937
172033028
733901696
352141910
388882878
243230026
617577309
924968705
708346963
497386660
920138953
624088541
696575643
580709643
514443227
203947663
347632364
814223041
684724186
243366383
492245009
520338983
875042436
660339036
831103261
709092398
706864977
890839910
290507434
587973309
552949325
814111036
751706824
911004131
975593933
580137251
751400213
249743139
608372442
855966648
582248491
499472972
488742954
657836388
827827359
303280487
327089360
273804031
606474719
213180653
559217317
257344916
632824319
598496314
330724923
161928446
799795579
924713911
543947846
834009788
309170577
950275110
610467043
899255216
254320411
309527217
898151810
742408713
931669712
537461466
435502961
355625731
854992353
282726046
315462373
640813667
963758022
832085304
400648349
561887216
146347696
595580586
939552159
656929137
103002911
121704218
863620427
693345518
763780688
828303435
650638684
647813705
198040529
694963877
155436851
328143046
246596160
540622869
415429819
475345466
786779157
842375907
675136001
922315896
959985950
855341566
772658453
529266675
926352062
129097143
185924646
979693381
545265682
611554612
642409086
157067856
590786736
668624608
696125033
234473359
561106960
635698719
555168226
847483364
390257433
838010302
429604693
764187653
902756017
740841302
611578285
696235152
793647183
455603947
191985400
530556463
342172788
928530330
353135377
938471967
284217119
842008645
291196692
667200869
650353799
602209065
418416771
414205636
915598468
409454837
872991934
615384951
674879856
313555465
259047279
460784676
764867274
221146156
389803495
985476135
335853079
590129895
934870618
663473973
826330178
425449441
744256409
694863816
851487183
170851165
534730141
462367546
348249092
734061212
772916713
519566062
341301371
922477727
766559539
898754678
778042860
946084357
709591105
539627668
327874452
307733452
770030522
151351639
184231222
285362649
389017664
239188259
344886740
932431752
685227786
675346232
614118836
661334642
906409292
887155499
417484515
474187318
491474122
191451288
860093562
475651769
870652786
312248965
830347286
508377404
114817069
431599900
781847370
167489193
534222561
108978648
612280822
789389939
837103024
999697824
657643909
465841718
522342077
316635603
576990936
315631922
422649746
224626002
815575778
703697493
654972471
744127569
923888000
597826688
829946834
882647996
406215964
193729269
857407898
761802254
143046147
768881246
810562447
902996184
219988607
777603415
138268715
801597192
939436010
738324987
347471051
263671431
778320085
181576894
586379969
252452109
743142247
119635966
673680125
370535872
303054279
353778382
276860334
341272752
964164288
502658955
833057717
492648677
951980950
449970672
455467437
260572227
372916234
526052664
494405186
305585734
119891927
880207543
470478947
963355067
499426419
776787608
520726520
135126132
939855483
648423752
289962882
658177600
650048112
217657754
746873774
158570783
352929737
963693120
743049822
709387875
551692293
945399730
567818480
550568320
185710744
833812929
420652487
503394176
327927449
582973605
919181641
314499232
988874415
583524241
970273664
167369153
223560174
250822694
371008824
430546988
238190947
337995061
930114805
273388625
291623312
378310472
471386109
207456387
692184596
464296087
613093058
839420206
770148376
483518280
707075059
268573355
264149995
833686352
635206014
513984872
794182466
173867755
391568578
476275127
628155335
482053669
411788971
235510028
868890171
494687062
829877105
666087222
904468830
707378509
739737977
871586808
678736657
787752292
113318898
348372109
308724309
677307107
287383483
456557933
572863049
499266529
969355919
117629772
542245584
292473905
611623500
917682612
421569887
734728801
382750000
139802900
190734579
195995935
299483764
511610274
415611038
969717279
790041398
185917178
166705904
659407932
629680017
862481760
737889545
244645113
535974929
783636420
431361969
263279918
373642632
480076482
357365497
943863066
417219930
640902727
734290028
121916464
491297162
197640483
779355096
691614858
438292256
330809347
266604366
638847082
280906240
742117714
110243037
525192778
363270223
857836797
849529981
642479959
497011844
767276263
395833216
513249129
752461809
477866719
360971574
933475447
889415603
839269811
375201903
301445713
795356733
144884986
509793112
377845604
484846894
454241784
567436206
989117690
456550229
958732165
677612456
154033292
607528868
325553073
121825414
793212702
662881179
315916745
586441650
138074106
281436479
417703971
934125696
410903292
162126075
791127988
377947869
927573486
323083916
481754361
528550124
693910521
961485813
792802340
950491416
914600480
701249441
892369072
983465041
231569252
278540281
561372442
923429482
522684868
508324699
257125419
155273157
771927532
852675949
262498082
985646437
506316272
785804180
696348264
838576862
427057137
999825690
285320478
519310519
722611632
656168585
197476378
223900769
172302417
380998596
921944188
581031839
352704820
872691799
352624472
936386718
347039856
999819545
582818534
190616687
203100832
104217548
929929046
287920789
996179949
138434835
617415790
251856265
774081769
708509790
798468424
318300830
311295054
159360076
522398739
323427711
363211131
121437181
939846313
548044263
367960391
268402149
472097798
452831632
452475216
630153142
740696150
987795723
700256576
739348924
255229258
515424989
542471720
827465743
102572488
655399677
885103520
156830276
980634239
435222206
541256464
908417551
916487846
571879636
320562645
820320576
354296341
615260346
621882350
863831588
217190762
564371206
382026241
318087721
644090216
868648151
367017000
565685193
182863492
315156935
433492675
929005332
976340204
363861787
562309314
861407977
662686402
197005945
486885134
910178661
130774464
248954673
701050993
160157806
307147152
626336473
889840791
472830916
546054023
775273804
824607220
409119415
363360841
817676573
524424150
881146101
418259012
246161905
210700350
917452493
523345861
135025782
456346983
172198736
513343639
216707765
968654021
256064538
613088897
266232666
249118854
411601290
866405036
578311011
499878778
166915911
768334197
215174691
484425964
641194270
867941293
848786231
828624104
595751532
260682209
561006914
298082561
547532500
243711470
212895031
354356973
899576222
419221582
161536139
978097506
425042066
172374232
167986369
367724620
112649484
492336589
205316503
895343571
798518758
686765738
121245351
727469543
459549388
625242608
484511410
958754719
632447328
336010853
777774627
468460148
883125988
162383773
231001821
192508756
229437802
726963986
502291131
592914409
717427205
702460862
728769210
626908049
473674144
282142564
969455426
913902664
453385291
392967068
576483052
293944078
434114700
253808480
979886723
276678282
426334903
950826735
595572130
757207680
179191602
965197461
722886719
861649875
232237612
963960647
730830429
216189255
772242277
924688895
146399722
749263729
660883103
693132505
796882532
713574452
630957328
600676956
517404035
154279607
894385623
147895230
268280298
504902912
400463444
746182015
988294859
876408429
108180114
277873336
629032999
820923148
492712882
292280088
191430037
407878749
240521662
568433375
196248035
513887355
581014226
925901867
794431646
865230948
508728962
615883461
827602181
605487619
109491249
669609006
253028770
101487042
903786597
875419955
247272300
371044772
678116709
777085792
601013117
453254606
649118827
875877468
405888683
625361615
198276645
645522611
216937170
843963861
524978028
330383624
987478926
900537746
771011206
494586528
690475007
309905740
610408314
423923840
442203184
411186203
688066699
506395416
302597374
853754443
295119896
200524518
590556352
369327035
853416251
304600413
950192012
868447256
373954537
574256790
475072888
171084086
434188016
399973618
517615297
120855157
762485924
356306352
245586508
954274125
968071418
810941546
702183302
551203608
231601603
844090746
450147329
577930188
389294716
204387103
241046715
457234531
123282398
574355116
844661156
801893932
147498091
239121358
872216331
142052443
989845782
620870494
303154040
407585173
775796484
885049713
121632390
526443300
725935641
966852803
192505000
229989682
710778498
381410806
370764003
623521432
757627846
218516929
999126842
120928656
963961350
298582658
858891862
104373645
824797174
558765669
941630118
976084008
994768952
966081011
696378048
103870371
689922936
252964185
777473634
533610718
999924158
949214468
823804649
242838343
948315980
388149736
847772012
244523216
186825311
752463302
414992542
296451276
214658359
256749075
451280957
765745859
301017957
434824010
566347035
943386413
931025607
767725867
277411438
243385513
923354071
148370769
936326778
632021355
539482793
472315095
539944132
972442589
316888746
948638533
725258430
861899173
781549513
866209051
751734853
393191946
453839156
464611986
163732901
460179623
889398714
240278150
733637667
623215142
101035969
500691348
385541022
393970179
512459877
978279117
325000442
103021249
175767693
110566014
224834783
792207736
944242639
709318142
678071889
668391485
135958931
920124267
567035739
140528995
656654967
755435920
956279535
576024905
914443435
706734018
599514266
939406568
863963460
638474459
241710478
470038239
184641183
389432236
588027319
328072435
757419909
750502466
103143509
508686425
166593198
868323638
126615187
655305789
123239185
801924681
626399470
911639212
578578345
938925833
408170776
403594812
208937733
789151184
567738154
238242270
822601716
320282224
810252175
803541186
699652739
652100627
799907870
778797099
962995122
240581713
974998790
677783027
801090521
298914265
314779796
120407359
814936728
564878665
531767889
962437723
713200708
175118570
434498003
680526594
574719289
164962628
427163020
894508284
631112772
454721550
607296100
425020733
773561085
345655521
388652420
240592078
525684273
904285061
500325328
566759513
637631873
293299629
501469389
572185522
155017117
230095291
174344844
573439227
244950246
646757051
234637546
964527335
575798316
892785250
354578787
537343385
965185227
530958670
586972119
600157657
818974565
807909470
378402545
365805037
326897119
298876332
171737555
338195884
697051452
429002984
833174111
927955862
888357551
948782555
541460493
669371270
904154862
690571062
932736996
397695055
383921074
606481158
467019629
984255382
934324355
582955395
443128986
512418284
256111832
783751531
632462290
189593460
834534692
900615373
142354370
125379920
899536975
497477826
347696954
243765843
681515055
218944348
552823539
181014841
890742575
661618204
124853626
829023316
772483453
695918556
484690260
186093145
395070800
184897153
172195830
708939698
426154088
344868416
472135219
408253405
819291727
903718643
975353628
666471941
897680320
769848776
612184442
435349440
328683344
917343253
116051602
982579686
328968920
711001651
184975881
296305339
650383008
112880327
348269006
279535564
750726729
913901387
918059535
191110343
414446112
327076321
772467477
613949119
798316140
569970666
679175772
695789850
713911884
890336372
251139145
354671593
354396632
519290661
279302907
586022255
797815642
971546213
635935438
362072025
769485091
593137577
262362226
359633533
828384232
652257845
139825252
980397518
619463155
175970960
719878080
268618373
508614689
621508248
195659090
210065431
883776380
684103832
805730961
133628955
484872636
378993821
458433629
704705989
380585103
575601466
760564642
103278669
489679287
148390553
766362512
473347054
622401926
680493165
730236678
402559147
490919763
645548064
716870776
483115502
715876796
909161737
250562041
881449522
591982234
678172016
949714599
146056560
422261488
335350665
387362543
528975326
388121475
620107859
158944021
826485361
800575797
509400987
718135895
986721152
161558048
619390138
840420483
634152715
355700469
753857437
531980609
145021249
700081890
131090080
959201973
487420050
843493989
962480854
762319675
869805115
319117029
180393499
729192347
367845468
435554909
365809596
440263609
348833653
946494245
794775693
562283078
312104840
934517758
193079151
826261827
522395528
448383703
584493302
371504214
517365637
488391515
991867303
221259397
711591503
502949004
643909625
361951264
266736315
596224036
623448791
144523570
654408925
619206667
525183243
696337542
490461863
735287929
909230029
439990567
960557320
232273522
297785268
967945093
409933804
616532723
226982965
435488957
750239001
763119236
380709144
877329945
257385147
117953654
635051718
323400482
703731885
139282463
675373565
865348971
957718594
144609456
518234942
291520909
403624018
436938932
805600863
300602085
365682042
474601019
732044363
340604109
112390432
564415070
384390784
764511306
140000364
850243785
492481413
504080887
537268777
227855818
277763104
935580522
821622375
400172832
644819804
224349408
785243662
777136919
132445803
268353530
891006002
744510338
321396261
542407347
172972400
496160872
318233164
399987523
430736831
518653778
969266959
959369289
691340904
412593164
827956264
344636769
543889644
312396695
446948134
928644604
880656771
695216910
282847325
780629377
907578031
808795811
335852286
935444770
478313439
186959443
444169342
666651829
320559421
885996128
315852421
735200132
158766213
725015095
324800207
472431192
599497663
561382412
168151116
371187489
389877043
605355444
978820328
305797647
303388495
108352269
534199946
215325198
337512782
111914914
750983826
221562741
989364396
712145170
322099776
655970353
532468489
652734496
320884601
272650343
717874584
193125549
381915301
946682030
486547464
387722701
852263326
654597738
178830883
954403119
597751992
810825728
192155273
689088364
487071382
548370207
357635759
534031240
584200898
107863931
969255418
879180501
616963997
832054325
685784091
126063028
972601313
308126924
863524384
796520404
484113214
932457317
322618013
539213418
494885817
436101149
666433454
135409841
559858220
461143239
801616898
507941852
401683683
355770186
751143829
533702164
676947538
764369569
271200129
653433033
624727449
954027901
942283179
141728894
837688789
665162142
175715209
288866752
147756434
391361073
466203992
775223474
496962965
557537160
512131279
333551621
770124497
254989089
511512610
484274635
632988037
290235318
781688362
978578336
834522408
986140494
598682186
628906149
298251869
912196708
100259006
787094105
664716876
671265211
461397120
340489919
120110991
310335691
516569280
369596242
837657081
288916478
423584794
769600473
623218222
114115883
886280151
843464237
177931881
814393976
308023251
402149774
436763942
147383297
169206868
893795712
129952013
381691012
350101529
962666740
703828722
945127932
348862076
835822199
288697283
956110367
472184753
569411740
446968564
264495925
664340837
102428015
896937608
446472739
340940503
383786557
775531061
555722385
466555264
826043204
184165542
782864782
885278109
212558609
987955258
175214558
670656677
374557038
438936768
286208950
977221189
241588989
851840124
168666652
584160133
251761627
521360649
489314433
167392346
392651097
691103689
804403841
598498812
146947623
758311991
159296535
624638990
907425479
823387367
841765087
741944659
756255860
223949664
156119682
706081603
231904572
844875536
730136090
972257757
220158499
425723508
579725698
672776048
843547259
568030185
351871924
801366829
392449496
709703297
658509895
386244766
636077307
722496546
332600811
923333687
619007643
715555990
921270990
564046340
362306504
258782420
923493736
539347634
629700172
495621368
566687835
451449444
814308280
686979766
929940092
244450911
480698173
707460918
830583175
923229830
323147837
311046437
988023108
537728434
283402414
215635114
120224315
302014794
881344876
796003270
984246205
244364875
544426403
644334604
519031271
434900870
668124406
827934899
360254660
821210505
613108772
978190876
400662329
527118391
456652725
343306923
566521807
693166329
992430603
877245117
557903301
499526799
506276706
461865434
860639455
735436390
529165665
669644428
314817757
617749992
950971503
767111010
402994753
680398515
612534239
687701841
112303755
446875701
144880600
407407760
500374486
760266600
686615098
326194226
172370953
548682506
117508189
856006039
325484122
322740283
392376864
722354281
448745827
280802146
137769576
198501849
447435223
803506111
127553617
263765394
884186330
712648936
192049819
497535467
744949157
579353738
719124212
426586827
351127898
856835407
811438617
836272849
785570274
120218559
381584382
984803175
749952555
526454824
954131210
868762299
675074109
413260789
849479579
775685787
271669586
593244728
807817377
705597192
914440779
901715700
766218092
221439663
582412865
849538800
570764671
312778591
221714494
556187188
720604868
333936780
665701401
795648634
543357747
373717324
385176780
459117456
293409751
585759057
108687811
975264501
966125303
503106143
556181030
744132614
629097723
420050699
183595099
324434400
462922002
755405535
684131766
821202410
572703971
373114380
951027366
902116144
952170039
467675574
721682956
597673736
296597882
104751169
569386208
683948032
207378361
449872015
619972666
890339744
467920898
640486245
936406723
671395957
244349728
133425289
516565517
639898669
407306518
485502749
157718131
781697863
491985794
291714542
188081122
633352750
475128621
509989140
200492290
945255053
814106125
938588644
194044491
422717285
638409428
430604474
594386394
514431897
668741748
499405439
323957230
128642375
108214194
706898224
351736230
806095080
445229455
944905978
828895909
366929211
997845090
336101501
337297056
406933460
959741455
740041274
168268906
722999437
924931568
218272178
121206974
655296885
189796347
591644489
535959562
586745597
509302848
507834306
218681879
506391412
212769365
242801804
337827729
168790147
294996654
463330389
402372431
593551880
180526806
397432223
372719278
818873434
431755112
782882482
394747127
795280224
856341308
579982777
280840484
788040936
354511989
925330119
945184940
752886302
269064397
264432875
616403970
270534688
887620783
605226694
835520208
887156729
782626864
661761535
878780801
448642369
420396915
647846860
180704041
839537192
147425478
602214816
581387641
519307926
584817185
430109957
340488611
556261678
734893989
214979974
814602386
756102564
590922034
818045763
764621590
937124452
967242569
497083844
248855976
936110868
597355827
865874758
367236291
366128314
973107345
264926235
504826845
250226988
342621453
177405718
961852752
153187365
195489728
785098464
828768117
989680060
947688465
840628366
249816453
530523974
445179322
667469295
391300141
396726693
201067488
617759010
275038779
979109510
991671568
146453642
522948030
158652182
851201267
957286164
976298873
400567387
433815913
416415741
615587492
300045764
326969293
553692300
579997547
133345715
601967573
123746883
970496685
688841450
409247117
111655961
122016294
254987225
539182209
194080831
324934592
308526666
201252031
680709187
614958612
635594948
594200043
311017243
503474535
171482156
792270619
316364005
693843507
148859707
349267797
177447648
879052324
952446078
647595551
685948147
175476757
534932863
318175595
933805783
391090922
716459973
456164045
960167243
246701485
177450736
397807828
602956648
648872813
449194278
775689343
119817021
574118910
663214117
644416189
833686495
107685004
307908508
315797738
562742274
145317556
921902264
384741756
458237129
517966025
645179209
876217405
653815876
583188648
808522689
819653225
239432434
524554177
111794256
983829369
982635163
686306229
183208969
177303318
410202622
898123902
825758844
667162268
321399622
459559604
998380493
364562685
753148631
704983054
235880538
899977109
652471290
681060948
416084215
410277256
701741558
390974467
551394266
919741382
285319125
898655774
324839813
320748078
557313928
466705483
967261376
236094804
697483157
436341890
572967990
969949179
336579352
515923014
528749213
273404986
353009086
642426045
864651483
267209881
587478710
106827818
263374477
658756724
329789419
402415533
199478324
102901760
661800389
179814384
361124106
916649596
490001309
801477572
858723049
393252784
514805392
713476849
965667874
871167282
367886130
101750848
120455204
489038089
468165516
928849353
952153113
517367111
902570004
171821633
299182456
619954054
450278227
600688924
902240535
578701759
351409206
429655835
420017641
646790190
991936764
965119636
364684070
276818113
467616538
759549490
416706099
554559743
754178085
130498743
712386721
155889791
794519325
331086807
703426192
846765018
903689247
751793735
735745038
470669762
385629348
978210404
424205554
181224203
396206831
488417855
133873438
820659000
766216063
789835060
100901374
532898033
381659546
188993437
205878452
192117468
341924185
280293638
374865613
811816102
877581400
351356087
212844215
775259544
377409636
689052699
677343772
726403685
466268820
997538660
353389348
833867110
796270254
823875418
448940130
520758196
484931071
946239553
948043653
316233275
809901145
377409881
572388069
910279652
456308236
577054166
114126824
164053184
198569735
371320448
761500852
552652504
271270303
686159077
648805802
360675375
181020273
635079428
632848007
112651863
344995694
138702067
933193383
428884761
630942401
512606487
777677743
404456243
317475059
224397474
661740285
187697554
966370878
982473390
965793112
514791017
217639769
740576483
466358429
541576189
387540630
424949282
209342175
274139372
798529105
163517117
253541552
333983209
754233218
382740849
220929032
419880348
687335776
615709131
633257008
355682173
739614209
505121871
789170902
549137923
447781042
615994859
679001311
561088425
827236151
726284718
676600597
126678017
613812174
413266751
912727233
192520469
538864087
205892814
678649313
529484405
290657682
523161651
672277037
779400535
797627734
414743864
257495766
102645704
496002431
247706921
352722910
926526418
131426982
956872988
435210548
518223203
668632025
477351632
353711161
885047386
717561819
335312552
229990804
398623018
201548626
166966703
976891955
541515360
747933218
403442445
944190845
776352052
555057172
362755072
781735831
282023036
847966505
452644948
136233458
822760268
392385323
431040869
454616838
837471317
138058398
258481562
358475778
822089020
520599911
950566319
545580643
328358326
164021265
550197662
319352758
553265046
315593358
499455057
268087633
754218393
523708995
994932660
269458737
205572814
737874552
219797207
262560716
927720414
962650835
151814125
784956469
226293980
206660357
181259598
999389484
838757299
807320855
302663874
149529540
467235298
174982607
791706482
291633692
620142573
466802304
277018499
278344629
939745018
857707484
512655503
860747371
910718432
812555016
735591656
953683522
223189344
991073463
242215369
992015999
356644575
200464673
174824122
343162928
553434199
404856079
354291093
699892810
569455606
530553508
754835456
381479120
878765368
884744223
828185324
126775008
208213041
408916724
172432808
160758614
429866416
118977121
662761954
519214760
933292209
664052665
875349775
498453851
811156222
660514985
280181808
773311735
404544141
667497916
274122542
604891730
507858280
477441748
244855649
257862378
346347516
292376205
180339330
480612930
202525698
516066473
430937518
276027035
629445549
638103718
288913827
234028990
674817048
241338301
300455662
211730828
860256191
324594767
271170430
194405136
349945301
397061199
997275884
906127422
148058391
521902561
819998202
472917302
928756590
945118899
257238024
925147487
108831656
379274331
204735996
980837958
742812531
875467838
247057911
205410369
104560310
815735075
784237321
304409985
539937108
858644275
565616194
231436300
687978914
688704265
790898332
147410054
926393219
996312136
883511381
766607862
852622447
563304029
836035720
850248593
926352546
935554175
371223394
205406328
600482202
461011937
522838530
995390596
799865424
277947882
492093751
371805812
621100608
386670402
367033539
641194729
917889538
584882917
596304799
960516673
242797354
826428440
459595570
779934091
769542464
421628730
815610520
734049462
420203624
667646828
939895140
301080688
918004289
679589914
485451754
730047627
361781378
678154311
942574008
623050368
959204813
853000168
561834683
710233212
887948517
139391370
986465611
753608764
529215758
957451449
863519703
932205049
515717629
874257700
557370937
159639013
164601839
268593042
297655265
289311099
854139544
660183691
974351740
447135826
462125173
586987978
754253025
755856719
321515889
472376298
714194256
253104907
421960475
214844116
232426002
889845623
604683240
220796814
595570170
672950351
237018356
423947561
421771127
914549892
989867949
254048124
362185145
462227530
288593528
850754574
380874988
447337916
413291290
703181646
508193460
660285166
303878802
295808017
806415939
152392152
300621208
824979650
919227986
977516806
925953231
552536564
765561336
511539422
301942360
850074975
885211477
643774478
642604226
845709951
138788389
193266975
426206413
901523462
527168089
768438594
848491087
345181448
333523774
763689151
429840845
153097223
456913881
142557283
691461397
758966088
624283797
704208935
151633361
957867113
157909606
916792455
512073177
931106111
103595903
801091937
419391077
113260626
823679311
572929053
300686169
925866099
483878447
271180332
837417806
869220621
593147775
672099705
335374449
714013815
171437992
561423266
458824794
286798824
314969559
738007259
534385355
239801121
682376457
993359509
842431168
532165600
154339214
160037909
807972114
548915922
882395796
762313436
558282020
580767243
825891772
769684916
726246707
979406879
416188682
151954863
144942473
967507295
445987242
929578614
734715978
922345099
113282444
134031991
982468777
748656364
107362516
110963041
433431382
570073295
960304496
102023961
169332492
394100860
865831577
509124321
944476974
221036732
122311920
764116664
788960677
800572342
164376297
877919361
613150786
445205856
639330181
228998431
932122464
990641809
706717972
703016116
556250907
760059958
152694777
160923995
640291814
898420589
247289805
767009787
910942390
141380074
301790400
811309703
913136988
308076989
385816985
926859169
586361665
520540436
868278914
797540168
844137161
492162118
946599945
207075447
900650499
165147263
721043722
411174160
272867842
103265507
482582699
711928169
903544239
204420550
234279351
188053134
942232158
504889998
420983109
788179697
478986951
789481855
429743090
604049722
130845739
600695795
608753348
414855635
160798150
890745640
478798198
797173725
705565693
793525588
301883609
797801162
727014380
242304601
231305396
783081415
866599787
318349586
416174238
517492023
420001876
302056418
352000741
403551088
943299870
452232889
673979779
230339186
956862666
568284767
926518771
327090689
782423692
790000663
870946998
682768187
630609114
257143715
740762502
246609511
350556618
807275902
401113218
720368425
262643755
207072909
163971269
976872418
944238990
142921793
204829291
401411058
191159688
720423666
933509768
688477099
358418305
800327943
427503285
145169003
649209671
671629290
615618559
649015820
560647473
772559813
512337320
407235238
588947549
534964393
363447251
856669564
921852062
835217380
839415211
435315929
720496750
960418141
936325684
712804728
316841701
807336249
520216303
839642470
624328531
130295812
503163966
967300964
841560746
899302578
190028296
564472055
870775708
323977163
406499949
907728943
651273553
611713566
534388140
337175456
180122826
879619408
626160659
396678565
689534844
280995863
922290234
834644416
342244322
836356934
257961524
839306302
958174163
511703014
167084573
132910199
567378505
130397426
862538050
935929288
357274844
369573905
251010994
756368223
611800509
665051088
167833069
433127789
503714458
535411935
131865397
857508122
221255751
927746859
147580491
478814550
461306637
614187881
405782562
502818021
973219439
746786571
239638859
533946839
832853107
983778187
171204765
948917894
657740973
214465325
120369900
890313261
430467179
630105712
402763467
970861094
402090971
703494144
438404597
273765907
396737363
962088263
438029248
818935760
963132338
821247761
732418862
126100329
641994469
456012246
462842164
954030369
583558998
262014145
520105652
911138023
230195370
118936892
569977861
372491409
886101450
933054763
462979700
506738797
869655382
312672271
125640137
594579169
480352384
137651777
113232446
925967722
589026032
865860443
999798688
246436561
335709456
407597314
214831627
218032854
418475066
788698610
275062413
902205660
270051981
611257123
177175979
568124747
260975744
491177706
179028335
223562511
551215244
378821838
130595089
664171371
259312218
337558483
713745472
802443673
687530255
797083719
278012530
555766473
525805663
571080876
571270471
521393167
153066506
647733555
966371809
687267297
402906693
510510397
116185508
263807805
974225659
861260767
246724828
727428720
899734936
927003436
960754451
650723119
666027043
391578694
706273651
260453921
480655034
806701054
562395223
316389358
252098591
933704255
820576764
429021436
549923130
442447387
477523909
539104769
804959740
913383362
271493186
753791607
634034965
908490168
640200908
291170934
515255135
348790762
600977854
229193963
217510545
384566406
669010706
991721187
442101958
237743510
440742421
726629761
590001533
972296158
844097723
779605581
881302930
208254545
368981770
724443823
606324485
631800036
521954112
448282690
227444123
349154460
668625143
512010312
890156439
882681556
305495927
149054891
334726210
186703513
323427330
851575522
529263886
522414535
751033780
755663500
220688883
647081745
701552869
142107811
116027202
390077326
111736119
362838452
344437831
753787652
317401444
449183793
819619393
813566816
724119772
390031182
113229746
421287255
186161187
650587102
687220431
454583097
894369441
555361064
662721236
123657393
431968572
723734121
487144135
907245381
334256807
450899575
620528019
634874522
413638943
803910705
965334125
438204313
531343311
218396857
196785585
957492149
191583242
394689864
407790928
404733816
328269540
586416354
662166470
595047929
610043014
542452043
494990525
291283138
668929854
354795910
712617646
305495327
734251067
752100296
213038378
522572172
980917137
994467452
542828692
644627822
494361477
500382497
437321508
282906810
149180156
727427263
675972480
524864180
354953110
223186892
634809132
380015862
284864767
272089719
547949213
450570297
712632904
623408585
420348475
772806155
947656420
685877824
838248111
718562704
894873442
418523963
681365478
416602399
978053596
822909847
326520472
803761814
111171748
205620283
493038606
629065849
602729651
222262021
681005823
561835786
364989185
853805187
983602100
632524973
197183639
402969576
149660127
486331493
153502949
965206351
622581080
603396763
946753436
765105990
146946004
330438089
226060418
644475682
826080064
769763833
362379488
439693760
286078914
973478550
971348046
649903214
415548125
469996434
476312408
651876854
590016172
486609018
395749535
262376097
135546006
175524922
526722700
622064541
399113280
381927558
681558447
855609327
190121144
524234487
765694477
625273560
836953494
231670245
931140697
376821821
324788940
373525405
404847460
358981753
755611520
879995781
824504962
833708629
351394796
548400054
151181549
768901747
956941384
896689548
340370541
478488847
864708353
583766270
829979914
288840157
943702383
722485761
274295677
353289901
640684552
538784410
961536838
101993736
878265067
600031041
813797854
908247855
518935764
772209258
216628086
692747033
328884128
853734303
180876612
197786129
333542345
614433390
449614199
981296563
368192559
302089887
129967034
890127124
590260057
711654509
589591518
477868006
723380615
463841678
293270136
785832649
754392392
545200441
498387386
198405297
911083232
766737496
282288758
758898032
188307211
421956462
364632736
283614122
507897322
195646812
920801606
991139383
428526308
431955908
435770785
408130782
367873306
590039829
941709188
202130093
113219594
380986619
432654392
903682047
547383826
187393753
174200478
110249962
123725495
948212132
608628797
819198001
563686029
196125054
797916783
289716267
956288676
383971871
284050426
502234786
154321576
947195594
406653227
155614389
635638555
520108674
430915873
195254722
684657432
371798353
339367110
352778045
922057397
480504518
590345224
568324149
716361376
757301756
978355258
909749922
182657864
239935548
833078932
684556772
644864449
522616747
786186878
524224448
118510671
814760536
102885117
532678840
482622562
741255970
539550816
152025212
452101944
352791359
679410366
297689290
240475499
408994348
172077570
861740845
829153298
524792337
197852429
548077543
308125522
856341493
165101478
509393202
209684057
177332233
561027214
580816468
517524213
112957041
608059806
119258546
720361652
952156067
198027166
955214319
393949900
506721837
600395344
594714258
906992797
311229260
261251574
470337259
687923864
216310894
839621046
217885766
890063027
179367984
531275732
494488301
811299156
160646662
575991872
237362433
347441690
881515198
536002719
510035262
469041992
832679143
954059367
909836857
389730913
979817880
911066167
830076862
634339328
775512428
565959619
584008349
384240195
866714993
209259998
681474067
598973919
786490156
486585509
561902503
515488195
247853862
470088244
680010977
121585743
289287787
586401928
261178759
198343735
634961071
387534184
539433266
598488177
263005954
534190006
245079464
137615305
513898052
927605625
143744752
390346023
933183032
816288149
822034131
622205074
559188217
920421027
851585753
449027839
238008533
521939368
642102258
765780446
627417561
653670234
168288070
509295262
639029810
119338026
207514341
589604611
841806680
829677314
751850278
293989042
909066466
982235973
120351206
807263619
346129641
179061432
901412841
687123416
485522965
547319650
433198037
375726866
743591513
285511034
671164015
961422769
511328523
583687163
329610875
168316430
537861051
689539204
418079494
858121803
513053972
268308281
789723740
483349254
388599473
918372649
568480942
329945499
490827830
485526345
408285849
915406697
767175288
938576593
884367528
679298289
861549399
418765037
966341923
525346929
857175903
648769599
239086548
788544600
472308396
250512262
828549803
411552392
732116009
975443915
969814626
743386940
485094934
232800303
206741823
951874749
460520953
626328985
194129175
775653160
500330595
780581302
290889560
709387167
549583177
417146683
925511994
890290908
807453376
176390946
849197473
208980026
408714525
468312836
390436322
109549389
613409611
576477943
862564042
345978461
301370621
891272751
293117543
783221044
570013768
733869040
869047963
143143819
148513455
953743819
777717070
522074263
736737143
731040212
698953480
679836957
137712363
979222094
217687580
351465685
201138269
708939975
801297690
194192780
524662146
400303398
483309258
925925651
517689292
585162508
862137796
513675583
150770985
680934784
506490902
665762777
599995468
665808144
971817097
380159106
623786662
925839689
402677079
186157222
505576641
193093925
132334363
753425684
709092907
481872528
763747633
945933347
158920343
102002832
212333033
178668498
618738135
260711149
498982929
925516647
732621833
869306460
589338964
845560324
546127095
453196696
194184028
731372921
196896578
868720178
485502714
886125183
269588362
837970726
107880949
672201334
282334498
586031389
217938877
915406351
990134954
554258097
630304148
473398974
138982615
546987191
236284622
695941004
869937960
429859916
940161954
568562030
779160817
704646249
161840154
108649361
352092282
373357276
783219752
977229061
279388420
214954674
169843857
184944161
110017569
982094578
771219250
177021521
753402981
151253322
861919319
743535837
532151220
813761353
363421743
443405520
383458451
435319838
718671128
842477510
638436757
902272785
998207224
429010927
281828233
921541996
989018740
449329987
787815401
754903487
222194012
181561183
365176367
464885207
437081323
708099015
310532823
878273275
214612880
707936530
703414326
160810466
519540869
340420375
126863592
560044871
374516988
500816752
175105273
670563695
648904586
241424082
695685684
579846331
103928417
305133408
897220518
745982308
549989233
192164608
683131080
688121737
712045891
559640971
833120823
503591245
680173349
352174414
540646741
336801453
754647287
271221688
626067414
810308569
706996226
490481474
599837722
700784346
687250520
570385812
369364573
618772770
774893943
954929133
967079666
471188328
426454339
516411828
383265323
952790330
938696095
340299762
149274610
590874203
559495755
896773249
768381508
803835484
470896856
736791350
336039611
812116382
589233867
837494159
400950980
290665358
692929007
104912204
677432067
495492726
884099525
212954828
406370479
992025989
383094299
517872085
268226026
326250866
423234384
284818077
569051613
587861113
748947271
420413153
824441331
909762731
258081088
907194599
824045556
445878359
393855331
457858423
359764685
197062054
315274797
953334888
202148946
575604824
750375307
713426152
365671475
374665772
573537084
343585604
207061463
361686998
739692374
134855593
314290825
415018614
833648844
976511755
517748764
906096007
680604691
612686307
750321409
788627089
662780749
124950528
528329248
913413562
505394518
680990329
109719566
518266524
615812117
143743972
251248748
451469167
795205783
914204133
399282737
891120469
283254233
293767000
662340240
499462259
671101760
917768706
177825160
771192961
434538313
472013968
452837913
894414878
987915418
547644909
636564444
464826158
435078963
537054906
583564490
187397801
264681094
627850742
882381386
169083202
516092224
639109590
259961975
540982839
431591581
603782440
675182452
377056493
270001041
388725286
243208648
768847477
320848170
277206920
830584737
479508100
990309471
166132971
415940933
462325508
931058457
136650708
645619433
128827936
405760355
601890007
212170770
743985993
934571592
465137773
383188404
307267120
992444250
219271294
591999843
723992028
349654658
765306463
426093713
201772478
106711367
491898912
499401573
378853100
988816525
475277010
927610080
302856294
915763081
840912703
333936217
895411508
278227244
867521358
397455127
144894638
276427989
108157096
525551196
192251689
239964551
998575969
689652330
476515135
221339242
685487104
916627182
425178436
345184628
628279463
386099112
190541455
575240363
539621527
241228049
615185083
520523371
554325934
570736214
338856754
862747402
758154740
460497849
830685134
105302812
387232378
129551340
588994577
500896435
609245897
102322606
540236139
519543118
335049589
887205457
319370950
378939788
269859394
355840377
363084865
433730873
959339107
184244624
677763183
654980831
142987650
443298533
354454561
494011493
571751399
994311325
372576820
624185826
925053079
101249384
958246314
603506000
409451099
936454403
229755689
872068191
824005377
644209813
477897363
536175495
837555273
143180405
756364614
571068175
517626370
890277057
156736328
729350540
597609318
863840990
885741456
194278084
956960043
250989159
691497993
245958295
232723295
879831347
875985505
447350842
301590831
562013329
101737881
723301378
509783501
395815267
384645127
809100470
286401273
978526518
420887817
800941532
477992006
802993848
329608858
934051441
732924281
663601154
672377212
726409248
753633679
861179761
878617230
473124402
712764901
692926029
494483603
566395831
417909657
491994828
596547176
251941250
726304474
970219718
871132515
988432159
274005054
700273305
941422361
907634040
861236544
337144213
454390456
468103894
171151279
455521406
118112358
456769590
503074506
204676763
419842830
727821640
606444572
511716563
899226336
186333599
335788221
509045408
501095068
588973411
299543434
636968916
254293166
739797959
193361703
214154637
655752974
917183000
969673127
783404227
918061635
735611288
677593871
530325711
206748312
971669503
534252944
276451241
497543307
187593150
808149335
112588224
280147091
872233976
469805986
804274651
208311900
805947090
790228890
454965316
766322447
380255518
595763196
785398692
474896843
950326351
190127740
621650004
332451809
609485459
697598736
822601051
508957262
464515246
652807150
930991846
264235128
291785655
391513435
822629025
762568997
784465321
418196056
911697966
396964492
398258413
906695458
650019082
629974255
819575619
823050512
688587997
737013983
173937465
417624698
891484133
440792501
632800689
756699276
343967258
411201134
238857920
244614551
810496950
786893249
807328624
748259555
568483344
694576152
643943993
548242015
255890331
105552770
459258978
363931580
153055469
362049039
782175622
986311825
704093325
566325936
307333893
335099755
501058773
598715303
450914887
999148365
121858261
833989402
379305267
105071223
343828396
660582319
310059371
275188857
472368489
347369023
844331802
390611206
685316713
718993795
416146401
199545309
305064481
598749071
191231649
765120665
538614804
245394603
768541081
283226748
984364255
658999190
477250856
659411768
109387122
691800008
302928046
128311431
629216561
199827610
825963485
454404585
258121268
141696898
689161719
957707275
567075554
480115453
760564861
810286190
762554770
474791618
791077377
327551929
832025331
612917673
409771384
949653849
451621685
376644080
317819739
635751112
814905345
138350554
253988033
752061418
832793588
574664647
587438601
631935571
161284992
660099801
671348696
734738830
634291602
540035095
497276795
480566160
414066200
477094336
599599529
218962145
766925899
889780973
271931258
965919591
801825354
467655355
559807943
595056631
658465408
281309274
118245936
883285570
443851465
570127547
453475575
182505423
340473109
260099714
870619070
372011508
986735796
452715181
685208053
138937783
439177923
926393451
233248685
999977649
650440918
370967412
177165495
991694131
479366241
316150512
487395249
717479303
328680078
912185431
576167278
227940184
762604856
579173336
779406141
786405771
200266951
788002193
369396983
550415832
454391057
933582741
296959778
117259792
167569020
438213983
673171409
565055842
539356845
905879087
731047157
348931849
823399919
225040417
339976679
914010540
422273322
576023362
650039134
140593419
339793725
736838392
110758458
350798551
994902636
493403184
486667852
279311286
515610068
666444251
714415739
648195385
476346513
283296613
419309501
276427157
758097681
364992160
683945503
498128343
284890928
101579246
101030701
562088150
895623043
230756389
642704589
109516784
289613919
133355175
140893630
993145843
661145181
620936828
959414427
935670795
388164598
933849893
629010728
818983870
505466207
582429142
538739396
359268980
135654067
939240232
959662482
428997382
638655891
685327178
675233347
229971621
683063060
369876248
990133262
856740217
875086599
507917322
203481765
614302439
214097284
511207940
855940851
715369986
683591358
123352872
539169764
935472831
420639098
229766936
265644337
589558966
627016924
954285175
525164028
923436781
297774696
531467983
828264021
256389956
736589920
700626248
363545742
798474449
631779639
215110669
923322679
601456788
906966099
394457274
357000385
210536614
762942630
394726824
983624128
695614234
537662136
994268339
310999125
969634016
647608795
933372481
246027969
639143274
659915497
602249123
257068331
804505346
469929326
961022619
360822029
402532261
822371451
969050525
257439869
383315515
995809784
871274941
764663928
641506608
787771863
719428493
639366026
658896118
452056728
130928028
485602849
721843746
816196097
256147140
205072355
800775074
213363545
110202280
617802191
789955363
209957541
807086703
812754086
872612184
638558224
741457172
539894337
152911418
702568242
982337388
196250522
597331945
218538190
641527535
711865092
575370768
321976639
859199592
302024834
372814522
176681213
545613561
112560332
318610151
272223043
290051429
964034384
158589669
446161605
635201676
701390996
270787506
171887972
698407291
285611613
396453044
174999906
800266929
832826279
612334067
612692600
947216623
816378411
489772661
109221945
833681550
490636892
783069642
188238104
824858576
997214835
981142092
475510937
600101809
135378067
206684133
231430740
336587793
472358819
619459960
976905751
141369947
982382234
254218302
671375776
749176232
363782527
691998435
790461329
748746973
289293680
659744105
723447027
478644176
672342125
790099153
752375383
280778610
138358581
644440500
875331123
326659853
503051854
815616831
121079644
957433379
453545835
204749448
319655199
873013925
725544490
973275854
978204692
155826542
929417866
459973686
232361959
759990114
918425648
917372549
339416586
875109035
720404540
559854059
551576577
824460001
516476599
728243879
620016250
172255474
276288937
957240472
429576289
587000561
964823578
217377936
253144497
165082705
465773983
709607397
947312881
187067783
813815792
546735384
860024787
239609079
422039156
538426853
429690803
948108688
302903831
775326372
877361960
429820074
480365914
746073187
910362114
557136372
980093329
401076062
110544680
295682399
785468620
855228967
204888953
356142806
892166768
909794393
380509475
196917327
784497816
143783621
673959824
525393058
868632801
786680087
964895990
705646778
849288565
537185302
380195804
209974158
999204902
783062719
708396065
711143790
701006854
407146041
830880306
724684810
534835399
717809876
374822180
230918049
399152453
704761757
473132403
240795067
440021123
541629394
454225455
932602044
689225671
437300422
802289348
130946658
496455700
531655723
834528165
121326137
953680668
213053868
109649305
820170201
990558895
247626280
246741088
288722380
661443430
617709884
652479988
414906588
746734788
476656426
272038019
534889488
114269667
359113358
766829377
983746043
157358860
477108633
549566966
182651279
219356980
450448617
420177388
977664494
745118172
381639572
378975066
985956616
691412032
436831717
775477187
129260465
554511862
422623455
459186606
499034536
829250486
288557609
102840196
988777765
610924447
465933842
572197016
210021434
550823011
653210224
571459436
280945869
283311278
198242482
717222855
416795289
153170541
121070592
418224809
149104275
760599710
760554666
528455873
167316480
448268314
423298471
796159328
203701348
732278002
484110068
138230488
299625710
682559775
222083524
655103763
261900589
430794225
666080980
984110560
893982425
953588333
544690590
810811264
495273036
993172226
114570922
128804326
964009330
780330158
275639648
150801515
577124831
821437158
185221994
180773466
203704548
826119633
439201723
340852637
313543664
784859755
733312165
137179927
290619088
948956530
768746917
653271981
456543909
318089388
223110253
844289925
552244514
773020325
108728327
515373536
284019849
816735613
210330986
292068786
993438702
160880074
879410869
505702092
150802289
398280807
983434460
192593647
634420657
933918352
228239760
502167849
352440247
891373269
550882171
776605163
190138590
415004248
746854346
368329772
726542487
648473670
275812234
113957519
992471851
707422195
652049914
816788790
807458779
218835299
452528569
105495012
987166431
776909472
549467106
502490623
410905703
962653892
204039537
755811903
739547863
460140281
836105736
816412108
803720262
326272422
772232910
918441302
970289632
303919491
488827082
168400809
754373790
131717870
539197815
782686063
233358874
152573195
199830060
293814220
240035731
375609344
586799401
733863755
444451652
937637094
561849840
835284667
266910969
451013055
959128314
991146675
824826496
783213259
874717401
960755952
409448872
310851368
560958745
331079859
830385403
973507889
783084528
420046495
580429179
357029654
176644012
733282648
553651212
229666112
669817663
815727512
823456984
993872110
887268842
380726298
804594707
635110494
517940197
358545801
994314534
319435379
263028159
277603167
437864226
102079966
740424277
988785427
879526739
156622507
944404746
412690968
336735541
313737640
434221557
243456800
721097081
699097233
371313539
406596931
306594403
412606882
562632573
475233485
757193844
239963568
386730580
806557163
656726882
651867222
622919835
121013273
149288145
206415863
590432826
435975049
978968149
965855678
345489948
790642691
944568570
473412386
660001377
847482642
317791070
649287255
847147814
972065533
837716566
833876698
938570375
318307479
262190038
195939725
934146011
106459932
271455048
595777080
477181296
262356482
293634748
992655252
333960700
124543149
615881105
471109523
623469657
803250799
276251635
153983461
847941001
562689125
432432534
395055228
212082034
579081703
263548587
768469737
724927590
221413593
402816686
175304810
209705218
858996878
209460016
345532764
103033892
607423504
742498035
862672549
689990415
183412836
958690724
956169046
190494797
404498591
206767500
874108651
746015108
878003855
785633680
993401416
218165727
331153121
656453492
908609862
556423350
682463633
483061959
869401995
390667564
887531180
265630740
763494126
969029666
236137463
988677210
974909714
277850748
159053388
471608462
715387585
256163111
237090604
193961719
356057369
316061770
537500413
112095083
125389658
203852719
522378027
404959243
526403285
895580894
602356528
168562999
877249067
276210396
121123746
897872836
186370253
604043046
131186057
747301537
544792731
345728283
424744746
889881753
275650166
213630297
732536958
578411713
849538168
970647569
804196332
151762889
199969882
982054911
636492393
344419897
723770369
723030938
714239031
794359388
603266236
372672882
378129722
331489889
560700467
262587849
118073161
821941154
647571116
149630454
477365815
525374425
241246667
477056741
792238846
635988684
444466506
160342721
183010223
368453718
765913446
571968768
646881989
722618198
522002787
620348880
759566950
977544529
596316406
826108787
828613439
346863603
456867745
509079484
720592131
738659753
350348108
856109289
696601029
654366508
912905240
441785910
997260448
892849965
143212547
995798565
113927968
652257149
425886836
777344601
831637911
576688188
815932369
331936552
812144344
510056165
964061948
120676323
962381905
393816465
360467644
536318884
789196005
683262430
996448983
812115312
179904465
812015687
818584044
412669140
293875273
511380180
578397423
501999645
377652044
654682909
256402546
142685040
700686017
773958975
447151852
203675122
113862451
430733234
511230737
945487694
449416558
521020596
509019006
406236170
632284867
303401810
928409863
763380522
320312076
471342247
937929101
378549435
939960782
172352040
162567723
680245484
372562830
989476135
252586736
806260869
896091194
842020806
444463414
372223679
229138741
911691534
160622814
157527591
909812861
895921420
444121545
126893602
388955660
808786103
128348132
686220935
920301851
769773785
297362759
405612875
846262421
376769446
881890537
811868721
435496167
345119976
400960564
204055622
364440737
961109518
874835377
259428871
574480111
290627844
987674538
825512692
136676636
479710225
826273732
294296098
277499920
714755057
610018368
765641752
389303209
519307208
363000970
587086745
982787210
443393716
197468699
449635336
172872169
735458069
424939992
269360153
258759594
301883287
253239538
382878371
659354874
222591347
540595665
238248273
414236040
531001453
625196880
175606363
670740472
517454848
673596454
740586548
886605250
917249731
455692213
931440887
864075739
850128758
550338436
729025164
388830205
475571477
390954726
804108557
729240208
829423182
918670681
760875406
803720469
520214001
989102396
617721673
168530584
894578198
705599814
996184843
565345785
633889357
270284796
437645289
372905888
369786045
316461324
575128615
279768515
995734857
114129075
909699789
448585820
835145074
654916850
655161182
591836219
454302805
691107786
191170479
743660076
884760947
111499979
626686089
471429770
291006512
218132611
892023459
903473499
571939746
711452165
908484990
925632169
996216517
355166964
897347116
107289516
990508271
415506740
933871153
279920608
275212256
264626913
234710470
614488372
825483222
183105804
219151943
534953383
476065300
859405449
100853296
287599249
337769593
590109825
839904415
872008455
915215820
877146183
644097574
254472542
758129157
600318530
589563136
632469523
995080794
701606127
948078538
880014959
118824611
702148480
512305919
491541304
292499511
179723944
763405907
942510999
715895273
639645823
865350611
286469486
711668211
245363988
523193386
932558128
523259956
318507819
301466147
748176625
707140386
127831028
861808262
879545711
621363186
359388703
843487184
256544632
966702560
259809240
215042126
117527057
883033484
695358735
489164093
140460820
473976042
976674732
227584146
894811321
134263794
934802756
616508455
211493391
901661891
379854858
569971297
694272953
214317216
769339698
816561739
494952056
505568371
974565301
231611068
189667501
159547981
885042496
877883357
522564751
722521614
269942273
310261051
791536675
359947840
214239134
466888178
191471908
622647326
797097624
272720356
256478699
766063583
239342458
754256377
999659213
226864421
596375326
954005884
965492303
672432070
980057185
590588573
490050272
648437114
959829400
778869518
598654439
591138578
837728504
324586736
589644220
226335220
113144197
842116345
454250251
915513615
403061924
532551593
918478628
709901396
844782516
329013114
303290713
871448568
644773975
588923440
960681173
892550897
377064583
311977754
350677077
766396242
671035864
318801915
945982996
118487460
422846562
629973865
802825910
117833071
885004938
120750363
549033040
288271013
637331396
909719275
557780192
680450416
959729310
754617931
719938567
652889611
848953566
698984924
234696944
881435008
503349505
382242277
444882065
597827486
765254318
968905188
844711273
341912001
970751676
456924153
920691343
762996423
328969124
813568596
306306289
337803166
306206729
591531151
304477063
917311775
947464591
626718223
324883567
475431867
456936266
129760925
492515166
232125638
984343838
404065791
159030986
847729940
189401299
651181519
252723222
217586583
933645098
236353481
215578847
382538250
730528815
124190885
295807003
830118089
613533644
535388822
583022000
325147248
586864415
412550376
399736248
662635211
294751136
954133171
773586435
236325724
235578799
722753993
382692558
274252897
157660698
384140002
666042819
402551746
735443296
322242419
844221514
787881814
245121702
584254779
589907030
962823804
783509831
867009047
806812200
834156564
531609826
145592890
324898808
460769814
375762402
415897093
328096652
436733544
345592668
540476849
700203849
245259220
787467364
482100601
243728402
493419886
897824966
636087430
894608559
442003818
304756983
360481647
274855926
105171072
386840140
973079694
435336233
428929136
554767901
643087815
735708022
872138155
611833228
417006424
157406003
217677949
208346506
169868324
227676168
660619041
841181271
360497677
115568136
305913431
820333870
770170720
109049150
657341164
245601071
899469730
184742576
460656346
774676406
792419149
460321169
382316601
578361313
595299552
649319893
845001688
349887089
368037098
164664983
668936047
306101445
461463736
410008383
615501126
236792637
787810465
892960004
342518683
995357963
392819838
428757989
844299945
279394917
481032954
822260269
176419887
250327205
915010418
971996198
259779899
330566254
722457119
166199061
683563075
121617811
931720335
938986243
343949081
458550517
328068735
201634919
216143438
503481694
106219952
383577364
631203824
412537087
676414723
388067381
211502633
693666798
117208923
617946934
467191593
218256061
719892538
931002669
325573780
792216684
564358341
220160413
991928076
355599164
930717226
910818325
389598027
762335654
612712862
179655624
235928083
877674105
551531858
261566922
720458118
841856917
988030214
421364186
185098747
728274593
388539606
925110622
752332210
262938775
974759011
535565620
811412275
979668283
178767099
141413717
294041982
474039965
391056894
999638839
189731375
202695786
940052957
325969815
613210172
488571733
859069774
715152628
306354934
732258358
586442487
948466349
316831787
247112156
599346036
845830797
623210634
950947551
245076403
467592692
916246221
992496371
198956273
997855083
187857937
711491939
402569488
427877507
424753629
389900717
447970103
323302649
107959615
831493994
125495347
142495139
279431811
406505599
140327738
172658601
909421032
492303083
657141861
489756245
419718694
959486442
350575528
742045309
117677968
219031383
641400968
967236411
190141846
378817655
673219842
192536251
285811210
761352059
725881732
781859649
579227716
350899285
103558856
316821107
632800482
716114696
725321452
129724208
942873799
761168765
416457905
129217516
243304926
706930219
668502154
179699366
694620770
755879679
468729280
757363403
270009350
954381626
141776828
540424087
574758802
318118500
816097849
914286760
691076315
204694251
818011957
811527106
691684400
260837872
925406800
575013085
888107777
344218222
649051571
965135712
634249287
913359173
549444279
390076176
487235705
561074971
820033673
365904839
188470344
787438961
131852428
919346334
493567377
721978091
461545613
515459304
444482625
251811393
218847314
114057927
824582275
771213946
671605766
967947808
666319490
594592808
781838963
840990344
825772052
500372950
825262459
296605590
272656536
778296521
497816906
858118876
427486824
429941663
908551440
590583799
589949964
149350690
288816653
351209939
253294388
131029098
306943181
752401523
431750342
785339939
487343192
164008268
229920588
745804947
580115815
431051125
123601336
269165314
365631601
945781931
965620238
652875304
798180560
236488865
527880533
210241685
697003117
867889229
739351548
201105981
184446189
710644693
658685978
914651416
178290851
562897523
869968390
559106105
378857189
959451290
258735444
106377532
614559758
342591454
434228066
185250854
310629708
593637607
514475751
901193565
459026247
914230116
862972255
202020666
957939538
307591129
127745883
446709598
493961313
457661119
817292908
844354408
730312311
205495425
725090729
577218594
754070160
889711247
525636019
172152191
500446868
184251451
849396524
962692250
998969684
343884054
147668764
449859869
872154182
868875762
398725380
992220971
562440412
966259908
965153895
958918544
620816925
103432199
150816322
257883291
520772812
279946191
304381746
363528081
375723652
920115985
181931716
417678029
992016288
265883259
522578064
115612392
239217901
637751904
964092040
866510605
864428744
857235755
996235818
386629875
728868897
730451250
482010665
821086495
917659573
244389332
371529455
307743662
398749753
567207543
741770624
128788351
503081533
882295421
676125063
138137021
122273577
449189443
517859425
348613778
425402419
666111420
189712842
505663936
207693493
576797536
924455592
141609052
294024237
330238318
467916303
196624202
934881034
825964204
445654513
208757636
350479360
143245383
591193641
487898526
632295587
437755582
701484057
976505989
104010616
938209515
927214463
406610234
750765765
680108602
749937968
196919487
175631941
667811202
609941058
157243065
905765554
215553908
975584554
672416857
397000629
388138973
140737077
663150328
544389222
861839391
961672918
335638717
134665357
184854983
876689493
658568567
292651378
612727391
997326920
768597445
663287490
189317097
212243879
502750904
386071671
561521483
690671779
157611246
737055086
571743428
802207535
279106371
867227733
940774538
759774820
639186582
214026561
776328535
444609540
470793778
299835309
477704552
304085211
743225639
479998443
682151175
881989665
603612341
875466513
405973190
519642922
861717364
526056007
503804060
917007801
616842198
385175312
139624157
210840051
930589980
576425566
243649176
306891768
930801956
901838661
160573974
593030846
418173391
595094676
627266167
689087330
148868200
362950323
442688371
114599252
479015770
602632932
702020834
726675558
283016139
739680975
843407051
495270270
226582655
163890038
464948302
499627956
609100291
322462467
550670513
259222993
880302782
603718774
682251820
276629216
915473612
884407162
720215076
305765761
722238240
769075076
839955194
546775777
657340369
333468508
178477704
713923885
233166616
751650064
609931994
114769726
605151623
282571229
296165770
674713771
418764987
600161576
517168125
536919045
904545054
906883892
272725897
691884940
906956411
900806065
881128432
287732301
285718598
472088955
437568476
942186478
528727207
646465305
695621602
334891022
865851369
811042199
448403880
349102083
640685208
294510952
625155597
374575011
865253810
596349952
958510834
698132926
504295436
458476961
492139315
379120762
299225743
721342194
338130540
240710437
124515154
329370763
714124290
282037408
855896357
746138976
832549183
565172459
726877705
850587314
299522301
948308501
506771372
244921129
930548130
100616389
492826755
458307657
553865765
267271536
471619259
971923310
290237769
981368778
947908522
589763667
208088081
631969645
724560336
559934045
315170889
481372795
198455952
662893431
514940571
178618490
590922741
710931550
612778580
586830101
133229060
884531062
718095944
752002757
940901325
273815145
650510014
108558263
182125685
615626214
901580145
727132257
536712362
846200022
729251559
640789014
551699876
539435752
744502954
531793500
727262185
877385513
391243348
834824444
208861547
689356767
290484206
236803607
512299202
714137393
262710924
180680122
752129728
551126738
428402907
262656709
664938971
538473025
732370217
746999381
401519105
365361709
576763781
590402391
669761030
472759100
692464459
692284923
987665583
402326698
368582971
974020849
161755415
841808533
875202982
921502629
849455145
159599763
295261611
741086356
179130854
425985221
841763839
586305124
255819588
256886254
774089408
167206179
968553672
485908772
804099920
810991525
740073933
527760702
337289144
629499738
554717371
809914243
435883145
128108275
240220962
343769695
821494503
130398097
807883316
275427516
656337106
252829430
592581575
511121401
134878786
616623137
105252594
332660602
503897131
117830562
212588926
227164553
431669892
446612498
825992586
855246638
606823392
533115122
771997067
925971315
966490334
774043089
331758780
725804027
568169294
965127700
634770333
359485679
737409501
958732964
845553739
493810791
327233018
285333884
417203785
501476885
779480004
449048044
618791405
226805037
565655657
339309909
840240272
335743428
814486173
288015523
994219698
635844053
296386347
191754670
125065841
117301357
376044000
106239002
586642132
133495269
950212970
183151214
142573513
600688392
335094081
686646491
536709769
329839536
725764760
841737804
963843467
589431035
543436116
852175782
221191246
233964872
412274858
442386912
667463196
985577905
988230168
527149113
795859251
301123211
427609606
312923052
521585897
262985091
997285126
508291476
291851136
339297251
629923935
570207555
891304832
471509516
248783056
404734456
852511283
741828578
279853685
512189048
492216133
796961242
746229175
180444310
437833895
120328287
308958634
108105473
104327573
237142566
543369300
357719192
872173796
542989331
670481187
277383496
666707282
204069117
376253950
603290699
340546499
553692012
675412588
618984611
798498599
681578458
686757488
339362559
318645260
525399055
950434570
109919986
875435539
943099997
292627812
710023777
978141501
373098680
232675561
925768709
383579201
420170771
885773466
158914322
160660181
739606452
835914852
639982318
157302913
567768286
486756230
627722830
619084224
720981153
284107531
636877899
930954542
468023965
873553496
774671179
381719949
909885562
566833930
115003470
119337148
133058569
892018734
533190962
863963241
838070795
396937015
265204367
240824588
512991479
761005158
826747663
278468946
592023879
523642180
123968531
801187944
665137317
531626032
398355594
138510334
877319359
732507982
567142136
101660399
346917903
202356396
310733162
355933849
308584129
723850991
425153624
731569451
126162051
345977152
678795125
391788199
774578528
360693827
649531068
525046050
451240852
258340675
107489391
880805382
691679380
486624165
172456822
260868193
831330806
746014804
767039593
944456300
667558650
981678958
876290966
526773114
969004143
959575129
895363868
794992594
391097283
448103676
290188558
938353829
991391145
162264328
321609806
290695947
615755359
387868806
865196469
813076232
334432343
792659037
669518746
501258819
519981646
620450560
669720027
760336621
934738225
398195054
979563666
876228539
828401485
651438418
959866458
488791472
312761583
149553644
524901283
436718129
879406800
183734655
380435131
104140645
979086183
685954533
186635675
131371945
365023461
650975414
296343831
254647974
241503388
268930550
227999253
148733975
261086705
329333202
455230552
743175061
305901196
839579561
724350694
827767295
608424957
154982583
706202511
771529731
688713929
749575759
670986117
253787274
722719417
769717430
788270246
498936235
533303976
314067611
719980611
232612119
527761041
913761317
766757485
878734544
912863996
593414068
818353557
165702806
231553075
662552739
872721480
668578379
300265436
502920546
993859608
342679792
639544362
272224185
277424336
379246471
621842071
199567897
708343811
968093859
357666823
684350578
380268511
280122219
968088909
900879595
395329458
332133405
333887369
293663355
910536303
348367387
670938708
600742224
662844123
473896362
367675881
632867835
750509102
559255498
559561166
355423910
555302394
767558976
337184431
909600954
656846180
531070774
964772747
424078063
126080254
259703524
567642043
154876244
621020617
844077439
696471510
393995824
207757846
364404449
288295245
627020872
757425341
620842649
981624203
165509027
606578037
844716569
270048305
453368937
491649376
921779363
134081940
872940924
439201843
947026326
491388398
926357841
246906075
574146837
649398030
855564038
438788377
235641430
437629646
125422093
130146178
856478413
427718692
282495429
145203757
970424956
265942629
768851067
536041148
100749343
999730424
388141469
692462327
743450480
461142523
882859371
275089221
358923731
580295663
533626578
894935074
514874411
838273853
721202839
923748686
409379624
303906001
266502467
183195400
638394062
649879994
612674239
125353122
177762430
742508125
627767455
871633253
438425688
653868814
846765193
784823055
537644254
578063407
432631140
835237399
370575725
678075072
418528443
512723561
318257560
852625992
101197280
713800553
238701986
356641493
155238949
788519367
836985366
914425939
208362402
272715383
711106570
735052885
461950517
218661882
275153449
885402823
194626738
400326881
176508965
887741728
309794413
739053876
119674795
527292229
552919104
262657008
343783950
946398722
555220612
699093101
934168632
857764649
628085602
661820524
418903404
725470857
742542776
870541690
354217923
166110161
447287959
563635147
398210953
773383434
933979832
146463258
258475943
369504713
818022858
280135081
539805128
118050417
929843788
867093639
905786133
504299705
282928512
228850083
409868664
814976987
131156466
441822479
103946347
438773270
467829145
335863342
800634014
466394391
625752181
506242952
216575312
917389434
691473957
286489333
122778372
755182899
183227526
250356527
276824942
674920318
670809453
942702924
104271705
539750625
607000284
740732691
708073505
504671537
896389728
386306513
511319616
681531376
801582301
977701936
474719343
655104706
802643533
767115593
592177124
502634187
954319840
284168402
324627312
288514773
600828104
389251649
333001432
160244484
376254144
796817026
506328436
952138689
762457709
859009140
359055142
981766503
798014615
706596483
544878853
946338731
632416570
751748594
282954305
709550414
884927965
290579123
635728250
267523114
948914882
458882616
549463047
758840000
201564421
118598696
695912880
618767362
565884814
447399978
921140330
359697074
903304830
595800723
138283829
645027816
421281402
948678878
101760842
599615353
450041615
512915574
713453133
631339787
632865359
264771369
799215149
954100582
360951176
972868955
562425414
959158506
680718871
738071530
317971088
356934182
319693330
142453483
195421242
118180600
333516678
747537364
301090582
610529623
639774311
382014949
360646693
656855163
433413438
255747013
350499080
412970117
817667004
341871964
277215744
580744333
720343110
478020470
225548236
875047376
482833715
689759493
449498838
594316537
870166318
156319174
803759250
515998228
292898608
408527805
386154301
803904440
561266428
263335450
440317000
640513875
713027849
246730418
354668135
715614265
589707334
552190945
128132101
741359843
951672618
879095123
789579549
172599218
348468145
303900131
350387514
167710269
251594555
546245786
664313421
855745943
943002541
389117852
261851066
159196294
767448714
749807894
920916870
820217077
510412850
324388999
982793608
905257982
367290657
526097562
683913967
230864192
990528135
383582503
189172999
189686536
817545273
109274962
235306290
278576227
201408084
829015815
213655306
967827720
496821372
147316435
285196701
970775658
904492261
568504687
447202507
517284404
887930322
607572895
448335751
834373634
879941691
688933078
108873082
723963276
463919232
281970556
462747460
995443416
648381474
418583327
650430935
524680302
306453412
830447755
697443379
330533425
508933497
256421079
348956291
569532816
776768678
782519304
234782101
531752523
682331083
469487787
668136309
119444467
858441035
504184770
161008366
405678860
500291557
348506421
246517592
897962080
263123957
268563347
900331269
676019958
494917047
368467386
469878793
210253957
755179417
826232151
238956526
269425788
556267924
289903627
991373642
628883168
364324091
224795414
210973169
954095338
468853752
630132180
969253536
233050520
748057645
996919633
197040473
483648576
700241933
954487077
565792158
876206129
435269517
427256681
738912007
995702471
742568854
253964924
851601974
906383945
491167393
475609369
600677128
870810538
433006062
156851162
293440950
580156229
584016113
337848502
693654648
545588804
899862701
430404544
629905113
554911762
572197245
762975353
151028765
590301932
984363567
912150899
714009910
399755182
504740248
826141724
915512862
237659118
413324470
798917129
418656685
990287956
649950607
349747597
641349753
846880330
472187394
616564778
256137689
295365441
914321759
338701543
634433976
934613426
745776632
823535494
726828841
682594614
914785842
294756927
482374095
946680230
811326028
952940312
579060533
367458817
274616320
104411709
729194871
701574995
966255044
120750806
337692361
392440155
726418992
953351651
804194848
214298297
838914289
328066523
798948097
181699826
219570703
125153526
134056436
899000705
527600613
532544673
226193701
569714316
645121245
920169737
160466010
548872129
302571687
573003413
203480007
148497222
906097133
642260698
621360236
200646323
520397910
987887892
386563589
870464299
743459734
783917892
787932890
263135701
290749463
205234522
713101820
925238847
140416815
178399049
611822185
907359309
722060460
641946956
870141285
766642720
626104673
758419693
533782813
746024100
648509944
295066876
864714996
362985713
397213330
272328106
584635578
841113768
918270352
846019552
493750878
251826386
867532216
399297809
705389311
434395888
332462879
123934815
425855283
104206297
299059823
857719241
997848346
380656423
658117980
674330160
134660689
718910523
985511190
993914212
163626329
719801370
652623663
370163739
107185857
964577410
407472496
568098289
381741212
767129755
164128390
828956893
737947484
269020701
708283580
416652741
533075896
909863768
410941359
863736754
931651921
580876929
770931624
369777398
179784349
219197583
526111725
694468007
407939091
304744639
776847090
231489489
564146228
261488649
492356016
726390954
168008925
806909613
284419308
348099455
592156600
864710964
320391296
905094686
251025390
888353116
796092241
786629605
541084463
323323084
750124612
654463943
553750647
915773429
428622148
411719821
303478868
290895124
392207101
768899396
337002649
275141846
384680121
561250620
909640891
935643573
599758375
400634903
238413822
932368375
489547281
523629359
802325624
669318214
338157208
132569366
411008237
606051640
558441840
377944575
516145825
266173078
348276942
520582126
330723407
441572062
577195170
303571557
134265913
307188025
351955256
514936861
943417528
367731589
688333833
507218433
721740866
222613324
631222046
170389004
502721301
832865098
507418837
290365072
745939281
520960879
286439495
886015802
880388301
465678883
241133711
532223999
520568573
994318640
986384200
323569323
574534993
784035321
342603054
259292013
410587416
797231918
367374648
395979586
188760337
569232934
283289713
714105728
901087449
748630305
351276351
251495587
844367379
897034724
124162716
787489052
427512011
202013167
873374374
418008288
182707907
663186136
739106234
442180424
291228056
315603918
267923785
100269869
234325036
528061723
277706588
627139853
301637786
373427400
391216219
689086743
327978472
807249366
554083235
574622214
839417552
982506248
619417151
684853927
667251851
590629324
522620761
610717464
806978445
940612334
585371892
577797859
460933154
205549075
473776535
417239723
933859845
995875287
657566894
984888569
641882266
694876976
719461861
696193671
979372450
230171755
730702910
816470509
988987781
643253452
107818699
588798029
328508297
236783535
713425013
593909870
381685532
781423838
803106969
878318844
880946489
610668405
337836727
619185019
654129540
598889941
666082835
156678574
936275942
368807766
109842381
514624281
446554109
354048535
875196764
952415936
766981133
150867813
180626380
889415801
125566978
753765122
732317255
174223605
238846396
900749118
418346271
966992201
384011250
959695646
797551097
158327632
192602603
417778316
186723814
526580382
436005215
192961228
650653951
578389067
388749518
811973774
728504062
486832476
504979469
411121311
805517081
344398096
734354848
249913557
884497783
827989563
472133963
490902973
435118294
763057139
511593863
602210511
277555481
510217984
438219064
904470561
202919465
950139171
701427370
235728690
685242312
626866244
819528154
999147678
628445594
950857238
648689657
669851580
618776125
434279681
354768611
572929781
481439211
350139655
907190938
982393088
975504030
696029460
799687628
684458962
401067119
801215222
971052360
541713458
566107065
681177782
799100550
628314536
504372859
866452358
596775919
684335665
284134454
462647936
555790927
944931064
559503820
424089229
765678992
783157013
256515378
443824140
196671248
547558926
621598973
106753344
361524907
705567087
415133865
859370823
669898243
610431641
323136480
289446251
405709543
139899630
718735517
455791388
818010894
366082240
830608907
326048825
326115300
375379775
900054752
440228348
256477500
940200032
440913914
277267930
388316713
249243172
292761538
761779642
186339498
984785674
707835982
461109910
808963580
394461164
757127846
949983899
456270211
824807185
437349111
777492282
857014649
156762340
479063768
820161411
383288738
994379643
958278595
117679328
925974183
960616012
660181241
710125976
139281385
822123742
153662431
103522695
781018120
588816556
214439276
314604969
616314163
730277986
189569470
457180456
136221977
939087684
495822851
189248995
878840861
873759901
802217078
493355444
811148940
827041739
410832534
548173696
275481801
615359546
525090462
753560351
937590395
290756145
243825015
601996155
327219173
371012484
560793099
948666369
414059402
341651589
278665346
566759700
564813396
580952336
100543069
937993160
420027083
983012734
157215301
382412771
349610194
523855905
152732621
127928979
557701856
775935433
194676323
993206742
823796523
421377682
939690115
498338349
585357462
569890133
871566924
982078305
593247725
435609714
356512399
331646379
348660320
890537506
258722565
877400116
351163783
182355332
967980914
742037896
558269531
999408543
158631291
105019309
330195171
412448529
415100121
307311129
483385794
789530871
627176392
112878691
945138142
420292972
718210726
816646591
138516913
928472975
536230935
876346356
696117255
298038308
810130851
526763527
826848177
253386846
248634229
630204327
381431349
172064124
594328339
323118179
172781236
800954905
714740314
830178980
477813558
904412289
832967274
145318403
687463314
377140137
146443856
271771533
787122601
734404344
206949670
473852511
613583261
977687533
615757734
374872236
749498256
965355558
470032503
981218445
480976846
138772096
544973133
948494239
930932692
871653420
721130043
912357559
971609217
283083369
852231413
643995653
274107532
811604606
983658821
278854776
836807895
719917565
518069781
158755989
554355919
512726636
641883554
605232614
288559176
805042959
972942930
627126062
750345883
311041644
397345067
290858609
896885232
464661680
802809695
890807788
530727309
950140888
852514969
381428095
888886015
207611252
517662868
431940000
220028535
826005872
959903349
538712103
439198901
504429380
739673941
546525328
129089450
578083448
156119357
383910677
945785749
515676312
674742462
344158760
959330780
301804682
984120921
686929159
687397193
810795523
266975816
698167144
111861166
127964629
602235289
285303088
558803149
398016752
690203466
662922292
866909696
289529015
341721990
894256992
675967162
923164400
378517707
490643108
186464757
134610646
956603297
661124785
728864988
538187228
311435199
177115702
659965966
761995354
376259361
490016558
666018211
892300198
428439002
811092693
305214298
737409179
284594135
859028760
601584552
462426179
687944859
374789909
426690825
928115714
740995365
817812537
551755940
436230340
990207831
811481305
499439540
477509005
732644473
375604840
150879903
849812299
121553025
346076488
351045499
101185980
391348808
635835570
617171171
493187584
584155101
730744902
915121076
132873485
834695537
181172622
390050548
993611663
432771303
184118109
816306320
526349189
249881597
342112764
508767811
532697836
202340032
702762932
538157809
313166778
494128408
860139458
636564031
667492348
939713399
384754100
684274481
914317026
911008527
492181232
268943406
818560586
515783777
543189808
668352000
809808769
693069360
599205803
459671458
993044887
350999352
331831498
440730489
142649745
264370330
792590068
995996028
139352760
658819915
487998500
750467191
536935392
791789423
933970132
800603389
784734046
233487214
987646086
778469063
822247634
121720967
559623377
943090058
405013120
453346420
130081747
722374279
243100029
584272610
273674538
334674089
794153137
409797814
165618931
831531193
649178913
754763126
423270438
454605690
577534334
455560353
565604200
453531691
445134851
276939254
934450268
703223542
483926158
872394011
752078545
189327899
620291469
728759110
791786585
251851043
235545532
271442925
507736909
723471627
344427110
154153127
303227711
203666975
386044525
858363736
900449029
814103630
961321563
127090366
812191696
606182622
281327915
883582429
350895167
453555042
850595342
792646263
237657914
598877222
464534247
605469699
980092119
325506678
254196521
947648748
252658644
207426801
254386819
147239342
216828800
889281744
815034903
325200389
703278017
582325669
588138559
386066394
560749697
598250859
768216404
558170270
291906434
950505303
101959779
284825555
143603752
134831037
508255090
207519928
990226607
348445524
538216641
966474915
201985018
449571619
969056524
483956262
571439066
499015875
229025212
260231204
146713276
214991272
223003507
711238706
749650578
755402371
880050763
734357948
279021884
794235571
714534142
401460142
617654998
919343700
840604398
642294048
602394050
202211962
871120707
324310944
799427697
451620253
967211611
409910647
329886891
986558062
748755855
758672622
219228164
622558185
316461852
679095159
813092314
389158090
591338928
571561520
366255708
714126626
636775389
947084734
718225170
561502649
269688951
369141142
328251722
918634826
315188098
137285833
785392692
844268595
479019285
766761418
907469796
993259747
876207438
571947434
256671435
459338191
314759351
151213268
858395673
685283454
144113364
816152985
336172998
616383504
417292898
691517015
420149486
143639803
531213953
862271215
365054255
597557842
679231501
591981715
172451539
938154364
623439315
811837303
637749934
635745924
221097038
401843499
527319793
915497627
165629730
834390365
178659696
298878875
840974811
197672237
826323087
209943132
386896994
425549210
316401535
520102697
709388991
122859830
125619576
340763881
901630180
586403420
375947786
870319158
678488840
889784727
744581484
646413403
821009172
785364429
623176062
852448478
140152086
782833359
157055150
584863708
686370151
673808215
913758380
106407146
399708911
486041959
470675353
755504431
699907687
901274649
474302650
435127337
979768059
803939323
486927116
575326262
755354814
128247343
749911559
100701914
107827219
447711510
219601362
734164028
986853292
870524006
798945706
323150568
975269569
284226651
747039788
685094318
858149944
282811118
267044337
946256682
515515635
329321197
132433582
309419549
236660379
470604414
835205490
949341683
258828653
233807184
335483867
487984008
409888571
739237803
558233478
510080071
890312613
782619941
263024204
878331367
486963711
554190156
596254476
844360509
386592137
587249217
467907304
156340973
815481883
173649270
836337415
968357347
455001630
992238045
813859913
878564393
467739856
980018747
981459740
188027956
434119290
549998560
325453600
317473760
327635525
179286155
339300061
870009494
118997295
523470917
934794445
215204670
510860149
860219789
415928404
319242947
814302066
973844032
809543256
199797072
217385495
462389220
979677406
616502791
424214151
944837075
358745158
261610285
341453013
543496380
639533023
710812060
669572336
262600552
395831911
441033723
342318785
841570013
400888672
565072273
436777240
461203411
926330882
858869538
637090086
651648687
451529435
945897987
507573639
593661592
761440292
102602943
121269767
678380564
215287365
911632487
952666688
757789893
260429585
191009188
507744982
510791096
151235887
605640607
722981026
227275900
137315057
184391369
644047976
312056249
926645371
936891288
406502003
180940439
624285921
908697750
438596612
169209845
275845323
477156364
346071248
587786081
715213336
816199007
460861658
712669657
756499896
142230293
226618408
320015612
540221258
508244617
816150775
274453763
995476606
294955442
889959206
477849244
414289364
887463156
571702995
370989348
214240764
304774370
262452562
828298657
879306119
822623753
127569516
388960865
527705669
669759426
561498484
591771619
787306779
316536191
196577290
620511561
345975710
906659709
711452159
359613391
109342193
239908770
846835652
935257096
841423138
976261340
179645021
769852832
246975396
162065359
510164394
897128977
274860369
142516538
537109414
165353623
995929886
261289071
440597408
251406509
137970202
643337814
317423134
180844454
271097036
916946728
125130069
657663400
820227316
174356315
980752609
458141848
888187767
405186030
959862786
844419700
207339112
719306557
360722513
218827086
645316436
309799730
969646853
105840879
535747716
654584215
937889744
415269275
351783321
747224859
384895658
637816355
445498371
323734055
522732452
366918016
148719755
871982033
939490309
959276064
654522715
591987080
839544267
617154032
889107079
542641788
393202013
762616318
995791200
386931822
852750478
141422428
919555608
343925320
220439974
759478015
583622528
779039635
371699596
354271632
107639731
538865840
156925318
682828712
719093641
835405413
753282946
778439383
429553186
588609776
601335318
462577373
987679919
473745198
350962876
452255570
171130977
305212924
225950196
309148539
175384533
303415096
426659399
546403125
788186462
892315441
980899587
551719678
514579031
685886793
562138561
994227714
647310901
640298564
854741539
117477634
426233565
826724699
470716998
105035686
510424799
215616898
509339161
714406789
599425524
261700320
288342646
646134216
225210676
626542568
238499381
286328156
531649818
752300531
494521651
165978496
916221401
302916981
856141145
376892234
490750012
196009220
820794296
146028348
996878545
701814190
453938767
699509839
872658742
411825875
178232201
293103838
151913240
255319664
510610717
628520698
368465172
895556368
786822610
130894388
513519390
940276980
914080737
848136860
104456271
530639997
233599098
287843518
267472118
432027390
718325523
395867119
679356616
253797157
560027629
368797020
438220010
532433983
959753577
228737909
421388034
762896516
681394566
962428534
862041814
902330314
305229613
219624614
676756580
293580510
555775440
140568525
134661146
924254436
756990221
665360731
652384571
429804594
841020091
699605300
263310693
515071144
432544100
751698724
610173247
737373385
921563252
824257043
209720759
970172607
420443354
664227564
223356640
131586985
990463563
439866927
875655350
991365594
250010811
532072731
918952345
747714638
786752905
402349318
598908975
756306606
498227501
266030577
399127889
973750436
169509333
517080532
744392335
136249889
820737131
774685709
660935869
284796382
248228277
549573869
216186499
258374951
383923986
165113478
675007228
987294085
107005156
327089569
388565666
916448375
336129527
901747238
973187135
288569443
475187862
338803905
614270956
349937425
469204251
921165743
814086957
156044916
625457927
406241933
645138623
777624633
500292513
836476448
430351784
686201415
899070022
882418627
992037123
867468158
734978678
694063244
811685706
327862018
243794419
564775415
531275940
544431140
669180263
252615642
516091875
623429288
452305762
512850095
781058694
764588079
722280329
427171795
130138628
219887662
388601154
557870774
439833658
296902464
688879051
393396578
143362555
471158984
282579981
130429824
896115100
764041001
179346409
678932681
714758691
907843700
519998501
151880806
745329831
178353237
985769866
891243104
522520499
406195871
778342863
415016709
599934733
942396815
910300526
652682864
900380081
894408589
566512232
622370459
337477966
743946826
563090672
587316727
894078278
843995288
817410919
331262996
242943778
750090835
861825098
751572520
345068748
695318448
583592698
118158515
725696396
332440843
324569333
804162799
300011042
895216969
373150578
354108734
977959730
930888296
152397481
798979292
823133185
312737853
615966973
594044968
462177494
889603578
547549899
978986082
712049957
241663201
341368591
962756044
579195974
684485009
608236126
413127019
414528381
440848193
999655374
213465511
521562215
221928106
402062513
659226725
678878780
787473685
743331771
984105616
908864873
252878738
642502516
188319431
745864932
854134027
562759604
269011753
424152529
504897112
521899214
510695180
481913224
828174399
335995249
575126731
947772194
247513581
101379597
148733241
827827989
419942220
348524292
381468146
160551990
477229413
281084985
558967858
169805107
701250750
753975420
678841518
322363530
121991049
187095693
979843789
184752803
393208628
984484357
681797871
944022917
465235107
937355014
504959234
674523930
286039261
155763266
818121181
372211914
193788658
506680751
528639674
337647312
411028955
423269881
508764943
460589183
234695108
558462826
486333445
577214079
216089989
703367751
425412007
122636093
965607247
639630192
767892671
966434671
314338542
823953261
662484428
733975035
765859203
663144535
694970787
427776328
453881236
203721390
174616192
246435739
213371011
795387969
292911586
682258529
342536581
989790319
152999618
383149357
740335148
332632326
603134646
602292221
578910446
280560457
141531949
887827214
732428133
620642151
156348753
334363122
467954274
267867097
760260935
710244081
489663608
813463262
678142523
415901099
300819651
556797745
593794019
518795901
683999155
172232207
921392638
165490394
627398865
582418443
229875556
283166550
700016546
707542878
834072739
122635595
767897261
463533019
687919941
292253082
563591572
544029425
544408463
284110363
551584833
787720563
543538357
391316731
511975571
147248062
649449532
391652082
785230467
690187910
699390594
875212746
122688840
382551383
881303632
154222869
446465230
455982320
796240710
335203911
416629349
629000618
775627880
672799839
802898676
517339940
200284934
997339834
728719074
362070165
477947660
957610782
793350849
774654069
762693772
397476641
568116084
276167547
107719032
323289256
541735743
818835801
277882043
909190729
952545692
438910892
898579662
978183259
739506737
654940107
653927206
749878201
566654322
115763358
938948971
253024976
807769953
435408377
617177217
411280161
155445163
799732693
669582458
675154489
285322154
819342248
750294926
571763725
940603979
717999046
405161838
554911695
909196909
505713091
633092103
445346393
481548389
747758679
532130645
745221130
187245167
257791847
307585733
846861272
127474013
972711526
786383714
120825151
764194539
542019890
216220883
406244343
854083256
715033371
420380969
796262932
995633719
125516034
242366786
317538742
709730180
305103281
421306082
405796828
660885307
330077906
597548289
862629669
844171594
303149066
295479342
713343630
561548706
178544410
125081719
312087098
260714748
953271551
935490976
137336970
695846424
555746512
571939796
839014810
117486720
920985234
150068618
259287219
249537406
969917170
487447225
327887334
595011878
535013251
383017993
158842871
626149037
421147913
978762617
548197123
759491577
144266909
571345408
384888239
805054182
970444419
442771484
603651987
231616906
569376437
657061797
193493458
203027535
975752761
304297820
763718829
653534264
576334715
463856978
457291106
847359726
187212496
110421901
451727725
653450082
670227773
883501200
291942948
858312714
800450985
271674218
424681171
871388809
132952768
586075861
640516426
396590043
247041573
395111650
812839497
137763993
310999928
535595479
586333087
423269008
195550534
928901103
559250014
958200372
314287880
131974345
557453463
174887800
101752596
893159335
397820137
297120670
558714913
186929860
731375449
785590692
212619295
406174791
327235902
432504346
433079304
578666649
513917734
687134645
413286962
532968735
391317331
142573392
618592277
951911469
616303042
261841767
891236894
760668199
812667251
346006116
503111002
232952971
555403503
566810302
215488637
525430728
827496160
416120177
631061032
396046516
916386395
320138930
723888188
634790673
243075191
415091170
991698170
350416535
500546338
989015814
518499794
384462046
243961277
133400261
145916548
910634482
496238610
599741717
693323707
860232888
692487940
391294233
442371872
204531731
320730591
216761533
537668657
350383517
773894049
473227049
156237556
137565182
723188667
406357561
777218299
938623591
409868267
436848155
588838979
144009138
677878708
723951117
133912109
394823107
913846738
235449357
227291352
332811127
430970686
965999813
121227222
903648007
545322306
997970973
660356178
634335579
900221486
430490536
831651861
770883630
435283776
665043679
783795863
420822664
676008628
762026045
408441593
207111187
725800465
571483429
545534220
964017152
884497692
674189163
272273928
222104857
806905183
961126588
688623269
114004060
268027467
222374839
654254003
823551401
881454440
827777548
116197014
307814026
149864143
560798252
651236000
676132645
315992747
652820186
506910054
181652322
364871266
848160258
502799720
138743844
428966145
397901679
343709035
720923732
369352236
190362065
638387903
390315923
519013173
446965106
140904835
137748423
616700986
523045316
644319268
731648667
618773871
734936470
975517635
939400027
227634367
799892562
817463860
265381963
517548762
399568504
160996803
586189251
391527883
757877832
922979742
279775871
900407947
158190033
983430058
669104420
347547978
935672606
948425529
887684399
400342038
845423851
241177297
399555630
333142308
148240764
691352923
463396285
696640792
292397349
402711667
233366284
844446151
382521566
220156175
746348758
660556975
893034292
735009002
416571788
603179136
519235790
109162173
293089034
507360348
957547290
962504556
637655280
166437353
164483963
467835562
908030109
783429670
633365672
636073552
532084251
397801482
585554512
547830733
342780403
390800302
243691258
795077272
879414819
840471820
342708648
881303657
948943192
386195660
692510709
550491364
514911406
888697515
529259860
482742778
320188973
430195810
228742606
557593139
790684087
837477391
337715956
231728477
847913267
825801570
774227157
425849691
501015219
895055204
259940914
431912605
928908718
872309825
468234715
220778470
193108233
729010181
522655791
748416655
431040610
315110494
197475400
450147599
677160954
525969957
998337677
921157437
701940883
954375408
583213183
549234393
200219908
721367950
530161119
687197608
957012728
593991444
828979961
293791110
124618877
742821138
227658809
258579462
534418797
464976187
487820882
288445165
892787254
994058398
590422427
879511495
121710564
803625499
473965034
921188817
633196230
265418942
387670975
284982474
481846902
452822059
260252304
108810419
299929914
463566875
600467909
633642068
917915401
617042705
752609867
730454761
723858636
329334709
577878792
305983772
794961427
304275795
195529039
623231006
251198669
535212146
324972572
485100419
384210412
605893776
268875854
283774250
310033487
233151580
492734560
797142784
253899016
376809463
201787749
320646531
383196278
579664691
716368453
322760895
145336444
864379529
134177798
547610816
668307574
286478627
658912821
371630311
107922390
190505452
619842587
421754988
872522009
229968005
166114054
945125258
373829794
850451487
566266295
683045066
437922019
540198608
147865699
790604127
527930626
120015113
124911370
549969865
115770871
355211826
549199238
133757208
948594452
202468072
345755809
609439892
621612790
968454444
183808245
549748247
897660040
629728525
800053557
832272421
219883753
462878070
397027656
283300855
818369986
630996982
146027063
273931685
113204629
588058888
819193298
943782611
243159590
637742935
118078669
979527493
998405063
201910166
339882724
292640001
326428017
501786071
221190379
450182204
747922369
111235487
951772639
660973811
473309411
286917722
453800990
632562730
799366023
379388932
934448297
525334723
135102775
584132741
372633262
366724340
794143363
161476217
329929276
903368539
736506502
120558296
527036803
884701483
927536830
998313803
935440959
250747516
923523692
782760549
536059726
345380358
739248770
448574834
350088156
950679108
850048698
861780352
574027094
585447755
823833571
283243673
870814480
608449986
542340373
675124417
397488232
528269902
257698981
411643461
316503296
421678804
950946029
938265575
669312942
427280074
926485315
486953916
491139274
858137746
160375557
472298783
837159445
654576440
987862284
157325448
367886427
274845860
405249175
492571101
632884181
659896798
736641573
295843962
530312737
764175564
856748770
387076672
952275173
304136571
940623144
169291031
483668747
955550732
676623645
706205015
286566189
313767685
529177241
222583623
858403140
997148025
529003645
681977842
231413479
491502957
594093968
532974134
508082954
332248541
980230195
231202081
798919216
459159906
892833031
863349593
132635237
179619049
852923875
889074270
926254469
742377047
690314776
484008904
190203059
134420163
301387083
738161890
940382267
128353215
625996743
260599959
361602895
259883196
113196515
484347306
442463608
498971332
255291903
575250525
808027952
359169498
127015586
577380822
642905279
545988260
948660841
657166647
196033353
450199009
511197432
914050783
353665649
883634485
648648034
270475035
619445609
859592449
431835383
633741318
732037970
745370319
766265978
286671149
955695591
773894329
680694870
566815249
279588941
653214321
160972282
595208967
175022164
387515335
638724656
663884032
349562548
361206319
907681474
389500651
929597744
113766149
158879540
842487215
133191963
431478404
128318747
542841273
552344547
474449885
716110414
946970743
152943865
569414264
864494466
947589437
358808895
424173086
546920107
554186086
886755181
788817776
404638243
872278743
536141653
556453351
219315166
778471163
677253256
485353411
406951378
602127294
760488548
880408578
319998980
572950050
281732339
186576318
213197994
562183486
592114010
260801636
556692944
316423956
445812014
418916033
257263660
763074728
946741038
184149294
633112634
284045278
110072994
878524537
533519879
190081789
386908755
720459709
775244154
585158449
383082341
719785957
964661876
841168587
252852678
812983947
121065365
807545408
947313323
897196192
881476618
900214447
676639849
900414794
885163155
872956830
339916994
714654855
142220190
253727138
407468163
175325157
507205638
307317087
328152793
506384255
898486763
301270302
704978472
465371377
225696934
455564509
757193766
794564873
952360537
303163098
356471092
865801688
639719349
429807463
918637491
239161242
825909044
697647591
828429110
212031300
693632775
871721301
635298218
795448561
824783294
912991348
145855666
221498790
616695879
545986607
537067307
445754287
313117838
465086632
428267480
139805653
862599296
544608833
376089753
916044897
739133437
643066495
748624603
604315795
914993506
614882190
522158711
425448001
772279300
340917970
728461185
914936805
534962015
932970581
865986126
246440572
992003137
483480770
773912539
719792947
898431803
464684524
776943460
829686017
111889006
502017909
955994927
969803523
486313734
481874546
123539647
168892786
621298084
649572615
635956247
716887396
188644713
210508725
416701411
755714298
627041629
566718807
737341067
263634037
576306321
605018510
107404981
878234825
342920958
790693784
764637539
552486633
718013728
267367835
778974347
321938726
181574463
466034968
955213337
950765727
247901497
128267551
438916327
470491515
251118491
346988879
719865455
673410294
754910569
345344126
466042385
534039143
575218069
966637240
844298081
616706439
454109498
205340772
768707266
499992497
173971583
783584963
896478646
588238230
939922208
162574333
936914491
599910458
274512607
133646331
308838097
504005117
993583122
107490448
709527027
464494930
736720140
421471488
462312173
580789234
915428527
710587510
786986158
228036518
716403856
354362611
846870760
542599482
676666014
889427575
758866192
319166469
409088016
951256738
339115209
916005846
421072548
787253316
598250161
983591861
411088477
704668049
317490068
950579834
402340925
929958190
610856961
569122944
354597204
934359891
824104472
886263072
188758021
690094482
879511500
310707505
388889620
702147053
533696807
417055900
209755194
699681498
584775437
863543771
447191029
972154316
155935930
672567401
358442577
665254753
508955551
539146176
309064330
592792933
531603769
963600318
546360631
356862927
752234811
691793722
741795549
673087320
507319987
317591805
774428635
391775567
805117798
269444537
282012852
696986833
298032466
120997085
157582959
264096473
333802375
890799106
515244835
716016635
362426733
971950093
138979499
765305824
196118725
526550651
304463563
984376620
319641703
708100787
698504857
688738183
907431472
162349045
421352497
697962252
249447356
998034530
847763402
408464685
704403422
886939730
454888931
407922478
468792460
644028017
829809166
541015824
234215631
352393068
878032014
182086129
563861916
745976746
319568265
706609962
625278372
431340278
382426114
842802061
471443169
444484944
733609060
331419152
893887523
696727550
627893490
713033977
320782088
336848718
902300235
398770017
432643236
241275856
608507152
714901409
924445799
246758760
251585224
549233595
268814161
770384067
310166201
685535254
880900738
696068571
834978278
882447984
138181018
832713539
282919517
983749289
732450808
374966159
449973542
322650506
446073102
128629680
690999490
480831244
961775882
707178626
855099174
607883299
598333875
594572977
375004774
548498253
998641252
906835954
877758669
332969658
539551515
736170910
966388146
200707466
261541200
281393845
889126834
776451042
669508139
514905121
451944858
621497563
484424870
395543082
748512543
871864998
282013620
713991027
920070341
748842393
358324352
988759762
997271624
354246930
948767919
616278949
578774288
263637684
257948719
447983481
252230687
305330779
587471196
953641186
464178880
161447901
808449872
557875988
134082682
148562150
805162172
255979847
762024454
903891116
577378419
946619421
942024166
694881855
554320177
922352598
235403456
293631729
383771893
835040632
696113957
773972089
414293012
285786254
542096304
150374575
438725438
120224944
325815844
496980416
960536385
994845502
548136006
291787795
790490807
550912358
960596159
557880575
922305759
767841721
792025602
495881619
612265247
457926289
816017145
536277760
141103172
240855187
776699893
436727485
133871016
856264129
630775343
579781636
912648163
313183957
465083839
579847874
540587731
745764795
812219742
347789421
843025296
763946199
948689743
283609395
730116944
508240593
627815442
973565751
453430235
933636988
403135956
617528562
458395678
432304807
831924874
948051478
572120697
970318422
794533121
599747839
156667701
886551248
687306399
302842420
715268706
759704812
993735321
644095730
950408195
260833915
211058505
237511523
805671379
506028355
714158656
789680961
439436370
907104639
447535671
996790716
848027541
514901947
854544105
690126248
835548151
784852625
137655622
459134925
880307332
203677563
478012250
368753466
426593817
848953326
243807325
355590426
709046477
313749326
591645615
199612465
515191923
836888006
135806503
729701803
824653526
289228042
637554757
562369317
938220349
169251696
638205617
958936569
686039628
704426909
182876080
198293798
135834463
149974039
897123157
244310368
851605937
757350565
534764416
580344871
757256140
352219670
373488822
711065664
135799053
728043117
859903504
138464622
924094524
459781772
419882144
485502443
405339632
393815693
633792300
735881872
925220305
208771326
475032214
656958270
253045861
540730902
118196351
457102311
102423836
913723232
194111399
805866520
508323009
453020636
111263887
634057253
628232502
267204673
550551265
841906023
566284038
939112257
700606274
273240414
515546369
281570015
735497718
515154390
877621707
628525055
837419808
309111720
136760881
526299664
618539728
157059743
849455740
594994406
813694956
544636944
491577431
737147178
490732565
408117194
673052285
546205001
385747518
319958083
430830780
941152482
679394244
280786251
338777971
677294108
381340733
467089841
771162308
870310384
982301376
763535546
354235116
821814918
929153973
981844796
367797080
681752257
287420122
574470001
269672417
161470256
719173330
267453447
884713392
513578624
461653353
130500402
861338479
803555952
756656321
886458352
353430129
804090527
186612739
152368025
676422679
412114727
107224021
823278036
946766713
564097565
264967422
856924055
968084656
269056462
564751122
455608912
675825601
902694106
238863752
458601595
103199427
423879793
955319604
515904877
526774808
876603740
957545337
254752643
351057372
286476124
263166789
731393747
673021910
942536156
430995177
818923932
453469693
275035069
452704041
318546578
121529898
162635905
650815802
563790912
672681422
257494069
267827384
175438146
163675067
175855995
329105740
579899239
424514456
445612711
340018012
471747789
323363755
558292982
253150741
492423671
619350106
142685119
907436896
538803390
909580287
899108386
325452494
751392506
156062242
984719342
202641900
763784927
241108781
859483022
149300991
733889133
628732156
548295039
304026561
213568274
502634856
124671077
339321586
868221703
652467039
880642152
877198978
352936481
564173251
985279046
685214282
423858885
594560810
512906052
158891025
609450118
751803690
950391023
523619748
645282482
208959713
405432587
266526582
679900535
886278418
422338084
615478335
954265007
175600249
760126914
401599668
860657295
145656547
223199980
682194866
634108523
379108375
587405348
175333064
281002319
982727042
133490382
758366053
856765611
443044112
557784210
300824679
597015189
194962494
814649340
268870862
316841928
898625302
712708551
192039763
538782848
258037175
563995372
708344391
990771780
135749603
759796961
150038780
272314030
297815410
674680801
378733883
768042508
698926503
108229690
280152806
207674206
953893281
663931825
402440527
854900298
896203284
531938625
414031849
760112166
889980434
863659194
370546864
276628605
882306689
918610761
723768888
442605437
126886605
921630348
806195073
944496588
688238388
521865688
516165627
130759636
241093866
742460134
598928843
429509650
846150913
193852659
566392371
925568820
949333407
873340553
598136167
727891372
763366669
646563994
716476254
594246283
643097880
834799158
549475539
824139730
356509402
141697353
776614495
823809185
959499363
242556993
777290396
126128593
530424640
312553452
764562976
301499606
952757927
673243427
848606104
183827529
381617240
980624249
292205095
599601963
962424158
731365533
935077820
302958259
978717833
879316449
184950100
642196947
366944736
405677238
828917843
409142009
131619380
504433328
917228274
770693168
875845922
699138583
833786238
389511208
121678787
250402535
909598103
587702646
425503828
626113634
292378043
711564040
604727196
723515664
390712811
569093041
682601587
954746568
139719891
779907113
224757304
580139061
507956112
313984141
169790320
461149322
164346919
853972996
665675710
242381402
638110367
664290528
214285901
607712783
233562609
852588328
160257145
388853648
965164082
706573974
825287465
880705582
983931012
251092387
575583231
628819326
284828084
357521370
468890099
173704148
148025414
965126215
105483643
749440933
867094381
817044258
848106465
430278888
973593237
722574464
781278000
327867782
687536913
838134170
509724718
724088081
555759218
596468835
663169837
758328707
971725870
626641451
388933214
516616463
450627471
849067925
208805605
823071104
790057853
718638844
172617501
194133822
508174898
275451307
593336496
206400001
874446861
592387086
138731220
764243563
427070104
766578913
441350336
449578213
541362963
348474055
903465570
154365476
734193007
182374949
489575236
640921597
126207049
405232021
427027274
448760029
326470420
293307417
682350824
750265266
282286960
743428973
771269757
565542537
640590988
742713146
393854893
986144183
288005195
928425567
140855011
740699293
545564188
440328795
571994236
442296623
290863157
825825560
462244750
874123639
534167056
652665149
873911791
265549325
331433167
249741323
509738374
161015064
428879976
447919421
435531192
761085761
704751788
634392034
414073106
390770978
584758435
620212413
701896751
454442968
263020971
252308453
685985814
382267163
918394020
345902337
432710441
420055421
274281766
968641101
370183502
582379895
223302792
452795547
269164168
220991298
132877455
949614287
251935322
118239852
345661324
715258651
317402055
469828347
629763134
781197625
720189079
652201103
688310612
172794401
408708815
105187826
417388507
933585596
861352138
285173323
394152160
979415439
975238078
687779935
396076620
661085197
633500991
982141337
822623215
749231781
260179498
158075204
421328900
746598624
129827522
693253586
269758635
114608152
928417501
255213147
827688170
849765995
797816878
328467802
718024781
138908458
879332196
679560236
699704207
884499282
145171193
688724658
452376981
809544934
351629890
980615734
474860921
985097830
980920834
419070074
531799768
469595055
376237667
713600057
394389931
624280407
907776142
674133513
343345495
368524251
841282990
866441239
392441064
700432294
128237801
942261564
357086674
832766588
611838387
221600590
699185502
359042776
941134554
397762787
603699082
104835074
923930289
433039178
378844295
584267496
737932780
226792717
372997332
550537882
394047747
626059941
352483888
950701948
262206095
460516389
942527874
589499575
267178074
163981727
624798513
103672551
774683426
575252120
546215589
455506380
406799732
736013206
113506397
696447430
816585374
538942253
505228885
816574896
397058940
381673104
847555690
899067954
915105372
921796515
739155300
253715090
520496732
782662112
925225740
449753175
424187034
571770493
513944764
286782716
196708908
488556312
838258811
101701573
718630317
342338696
923724129
357733412
672458787
478890909
441744979
298059811
144297808
442072126
513404190
235282998
982147642
131559808
556269341
675047887
244152033
134105315
810545466
446906879
515635657
238465423
988804292
955510120
707578308
809799668
677411424
586973436
173920716
919624574
288839077
646096654
598368686
626734672
521021714
346727646
204243241
285206022
498658301
698340604
610191281
671785647
568862151
603888010
179923344
374836974
243686529
728803054
491577810
866397750
242120252
123709441
594248790
356823911
946768994
134940425
676840076
805613437
932661845
630675080
978814688
512058187
672657863
346604835
861901382
904883745
180497672
970814613
473628476
348003398
507872946
944250683
221986275
873676112
926810432
400387902
537895825
931116005
939968854
611581025
144563922
773901208
784525623
642647889
427553341
916695330
383074516
200866405
741737942
421388226
558324855
766642033
856124432
217001161
235566782
878413537
863984578
483172886
523539523
977985257
718768011
961283141
915761364
921818760
863250200
235480379
978001287
581810726
258096790
771572071
469743190
279276692
682577119
837407063
947228815
686274794
798973554
300389314
406321241
557823530
481676802
307185942
961709270
957413555
106593794
998837632
354886503
643560395
435556670
430916533
548479704
188285116
361523678
443715587
152209480
724432834
921386142
569347393
481407274
556512465
117888772
881438631
450427660
241732312
254601107
480586568
513070358
976602520
277630536
330587658
199704584
113314210
840209841
474780501
684240097
256588827
314621079
772648778
886849659
279079230
535431598
267435362
207291462
386509884
715246139
719967855
256756351
236766076
524474720
713206447
366957701
909460129
394892046
111925565
325621876
752172854
619747812
308448303
713953107
791593677
674127635
714446891
185735618
415962453
382835371
897980754
151562214
617616018
560651865
926130118
294167847
410436290
543555419
110264021
437430121
835309915
856046838
566478661
261546052
588264048
709558527
455302003
322880534
291787713
823614963
259052415
287190908
994449362
886214094
409239684
532658339
439970380
183194730
155599445
205974048
555676038
385698574
484087263
251695287
637562397
444405754
905958577
776710031
558070478
546838612
730739248
933487168
810620524
200103547
331082440
452849353
295557363
673018831
255873852
900817514
218160466
549345170
548333897
342390400
980972191
206638849
586476987
365891243
657845524
383867354
457947898
681990507
309855139
414025355
715895874
225807172
934893296
462767661
983051817
133469579
665228588
367010825
525905488
392440601
147827814
783377099
473218970
515978150
904004823
110515652
699874054
612357984
569772114
443659781
302636179
309398503
322927518
994097224
890899995
716662064
731240691
337619923
682368082
171859839
746710059
561961639
557675198
255628862
295261812
997618264
287195892
905687610
330258402
204874757
989484037
320312085
202606151
453723657
357703568
240540689
919166474
586776367
993154053
371063302
702093695
768442220
623436560
873403040
569217784
123860866
315758020
744211273
606690620
910231876
507617729
325722942
677815798
282891501
199355930
640264282
195966833
171894770
665080957
771908085
211901376
251763033
454390771
375266703
651911775
271949674
558824142
271597691
650394189
421185330
324244722
847364342
391322601
643678224
505095117
903310122
191151464
719214564
299414071
465756931
203308580
794344447
685977252
624706351
307035503
254586979
454450709
163369633
885043638
169844500
496230698
238110991
677699448
231136844
682439293
102695050
515036119
840328443
323758978
645173864
952738918
532169593
656585997
617491280
210511986
357022912
174189749
970020885
827369745
897358880
265288475
980091602
656671516
611748971
698177076
289880992
350745221
109355698
459050656
951104326
890291717
455416352
633257565
327621489
705645970
584712867
441277116
777455149
334049281
798545056
671331774
635462930
398005989
383264032
612903602
808206066
247778629
261007394
473247373
264384266
581538633
407559590
161998399
708010798
944500991
690404304
913719608
298706915
195544687
562280409
861370037
990953321
845312829
730015484
421779840
424978375
431979652
780425838
825665260
286916984
162219603
502717522
278168347
477658764
816574993
981296755
485995172
447121474
655875417
267626235
668620971
654356614
337281666
228122941
408322099
949399510
922000368
687682093
178158805
386980655
973700206
